wavelength,0,1,2,3,4,5,6,7,8,9,10,11,12,13,14,15,16,17,18,19,20,21,22,23,24,25,26,27,28,29,30,31,32,33,34,35,36,37,38,39,40,41,42,43,44,45,46,47,48,49,50,51,52,53,54,55,56,57,58,59,60,61,62,63,64,65,66,67,68,69,70,71,72,73,74,75,76,77,78,79,80,81,82,83,84,85,86,87,88,89,90,91,92,93,94,95,96,97,98,99,100,101,102,103,104,105,106,107,108,109,110,111,112,113,114,115,116,117,118,119,120,121,122,123,124,125,126,127,128,129,130,131,132,133,134,135,136,137,138,139,140,141,142,143,144,145,146,147,148,149,150,151,152,153,154,155,156,157,158,159,160,161,162,163,164,165,166,167,168,169,170,171,172,173,174,175,176,177,178,179,180,181,182,183,184,185,186,187,188,189,190,191,192,193,194,195,196,197,198,199,200,201,202,203,204,205,206,207,208,209,210,211,212,213,214,215,216,217,218,219,220,221,222,223,224,225,226,227,228,229,230,231,232,233,234,235,236,237,238,239,240,241,242,243,244,245,246,247,248,249,250,251,252,253,254,255,256,257,258,259,260,261,262,263,264,265,266,267,268,269,270,271,272,273,274,275,276,277,278,279,280,281,282,283,284,285,286,287,288,289,290,291,292,293,294,295,296,297,298,299,300,301,302,303,304,305,306,307,308,309,310,311,312,313,314,315,316,317,318,319,320,321,322,323,324,325,326,327,328,329,330,331,332,333,334,335,336,337,338,339,340,341,342,343,344,345,346,347,348,349,350,351,352,353,354
400.0,0.051,0.058,0.047,0.026,0.059,0.072,0.044,0.033,0.084,0.02,0.202,0.026,0.033,0.05,0.044,0.071,0.01,0.031,0.02,0.037,0.036,0.094,0.045,0.085,0.03,0.105,0.077,0.081,0.034,0.047,0.072,0.064,0.067,0.058,0.076,0.082,0.102,0.08,0.042,0.065,0.112,0.117,0.127,0.096,0.075,0.017,0.034,0.041,0.033,0.083,0.04,0.029,0.132,0.11,0.195,0.268,0.292,0.31,0.16,0.173,0.192,0.253,0.3,0.315,0.251,0.231,0.223,0.096,0.028,0.08,0.139,0.068,0.096,0.075,0.082,0.091,0.075,0.131,0.21,0.075,0.1,0.117,0.108,0.075,0.078,0.105,0.173,0.054,0.05,0.075,0.09,0.12,0.05,0.066,0.059,0.074,0.082,0.092,0.105,0.078,0.09,0.102,0.12,0.124,0.055,0.07,0.08,0.12,0.152,0.1,0.129,0.115,0.089,0.075,0.075,0.075,0.089,0.115,0.052,0.064,0.08,0.095,0.115,0.091,0.103,0.119,0.12,0.12,0.091,0.094,0.111,0.106,0.11,0.067,0.069,0.091,0.062,0.076,0.114,0.067,0.067,0.092,0.049,0.062,0.06,0.054,0.119,0.21,0.021,0.044,0.07,0.068,0.034,0.027,0.067,0.022,0.031,0.053,0.054,0.06,0.093,0.078,0.037,0.047,0.085,0.094,0.041,0.036,0.059,0.132,0.032,0.025,0.076,0.092,0.192,0.089,0.11,0.062,0.06,0.065,0.09,0.051,0.058,0.07,0.1,0.121,0.04,0.051,0.064,0.067,0.078,0.055,0.103,0.044,0.029,0.049,0.049,0.05,0.046,0.188,0.238,0.083,0.164,0.216,0.04,0.069,0.149,0.05,0.055,0.084,0.105,0.143,0.06,0.085,0.183,0.18,0.18,0.073,0.087,0.081,0.046,0.067,0.113,0.091,0.228,0.069,0.398,0.246,0.227,0.09,0.7,0.22,0.597,0.193,0.301,0.077,0.16,0.287,0.309,0.15,0.223,0.082,0.117,0.314,0.256,0.417,0.401,0.39,0.248,0.264,0.257,0.311,0.211,0.378,0.395,0.318,0.357,0.331,0.281,0.27,0.269,0.322,0.438,0.31,0.28,0.64,0.405,0.061,0.071,0.079,0.076,0.066,0.081,0.12,0.088,0.075,0.094,0.186,0.097,0.1,0.117,0.06,0.083,0.158,0.149,0.044,0.044,0.05,0.07,0.101,0.172,0.094,0.159,0.145,0.15,0.15,0.15,0.05,0.087,0.02,0.057,0.061,0.03,0.031,0.04,0.044,0.096,0.212,0.1,0.09,0.571,0.179,0.03,0.066,0.065,0.108,0.076,0.093,0.188,0.15,0.033,0.142,0.679,0.125,0.257,0.13,0.064,0.18,0.122,0.105,0.09,0.765,0.47,0.48,0.74,0.5,0.55,0.65,0.72,0.1,0.1,0.095,0.093,0.158,0.133,0.192,0.053,0.165,0.115,0.21,0.062,0.142,0.151,0.204,0.075
410.0,0.052444000000000005,0.0575505,0.0484275,0.027315,0.0605315,0.07366500000000001,0.0454285,0.034375,0.086664,0.0201765,0.20487,0.027208000000000003,0.0332895,0.050461500000000006,0.043441,0.080591,0.0100916,0.0350315,0.020193000000000003,0.0442385,0.041541999999999996,0.129115,0.0571455,0.0984945,0.034175,0.11185,0.07874049999999999,0.09944549999999999,0.0394085,0.0503485,0.0855095,0.07936299999999999,0.0843325,0.07717550000000001,0.079658,0.105795,0.11846000000000001,0.10701,0.055208,0.08123,0.14247500000000002,0.115815,0.132175,0.107045,0.09503,0.0191575,0.0402725,0.048194,0.0371775,0.08770800000000001,0.0415155,0.033385,0.142075,0.1172,0.20683,0.28729499999999997,0.311435,0.33047,0.16546,0.178515,0.19865,0.176045,0.31310499999999997,0.32681,0.26103,0.23417,0.22798000000000002,0.11066000000000001,0.037110000000000004,0.0905495,0.141285,0.075545,0.103825,0.0874585,0.0954885,0.10364,0.109225,0.15937,0.31847000000000003,0.09047250000000001,0.121805,0.145165,0.13193,0.09349350000000001,0.100631,0.13195,0.212895,0.0809995,0.060344,0.0952765,0.13025,0.135105,0.0723095,0.086327,0.079376,0.1013085,0.11496,0.123345,0.14936,0.11202000000000001,0.11918000000000001,0.138095,0.155565,0.17241499999999998,0.07618,0.0895425,0.10157350000000001,0.15935,0.203025,0.15000999999999998,0.178105,0.166825,0.116085,0.10977,0.109785,0.10977,0.128,0.161115,0.0752105,0.088286,0.10924,0.12243000000000001,0.140545,0.125445,0.14131500000000002,0.155455,0.164535,0.17898999999999998,0.1213,0.130395,0.160085,0.156065,0.14552500000000002,0.0764805,0.0766935,0.10474,0.0764905,0.0997255,0.143575,0.0763065,0.07749400000000001,0.098817,0.050477499999999995,0.0674475,0.0605705,0.0545025,0.12109,0.21398499999999998,0.0260315,0.043413499999999994,0.07953650000000001,0.068976,0.035293,0.028281,0.0674875,0.023205,0.03231,0.051536,0.058927499999999994,0.0786775,0.097797,0.09730749999999999,0.042245000000000005,0.050765500000000005,0.103565,0.101285,0.0434805,0.0383155,0.080431,0.152315,0.0390885,0.029138,0.08276449999999999,0.104815,0.23202499999999998,0.112705,0.13019999999999998,0.0694265,0.074863,0.0789,0.130535,0.0682395,0.077454,0.08353,0.12088,0.146035,0.0513595,0.065734,0.0825045,0.078765,0.0886545,0.058414,0.11001,0.051455,0.050363000000000005,0.060957500000000005,0.060429,0.071848,0.060566999999999996,0.233145,0.281535,0.09281,0.20214,0.259765,0.0505905,0.094641,0.182375,0.0607245,0.0685325,0.11099500000000001,0.13202,0.15294999999999997,0.074546,0.0940195,0.19658,0.18857000000000002,0.194605,0.0757405,0.0950575,0.103545,0.07237450000000001,0.0943295,0.15045999999999998,0.11771999999999999,0.240085,0.07340949999999999,0.410585,0.25022,0.23582999999999998,0.09088299999999999,0.716295,0.23191499999999998,0.612285,0.199475,0.31455500000000003,0.0797275,0.16549,0.304435,0.314745,0.15263500000000002,0.225905,0.082738,0.11221500000000001,0.32284999999999997,0.258375,0.426195,0.42128,0.403455,0.25438,0.2734,0.26531499999999997,0.31287,0.212895,0.38142,0.40145,0.32088,0.36119,0.337005,0.28648,0.27444,0.29164999999999996,0.326785,0.44201,0.31778,0.299105,0.65365,0.413585,0.060608499999999996,0.07455,0.082594,0.0800795,0.068525,0.082589,0.12091,0.09060299999999999,0.0756045,0.096871,0.193415,0.1008685,0.10393,0.123085,0.0584875,0.0867685,0.161465,0.15347,0.046349,0.046349,0.05049,0.07373299999999999,0.10683999999999999,0.179535,0.094057,0.16744,0.15236,0.153445,0.157395,0.157395,0.055413500000000004,0.0897545,0.0201755,0.0556065,0.0625145,0.030276499999999998,0.03135,0.040371500000000005,0.044431,0.100767,0.23267500000000002,0.0970065,0.09288099999999999,0.595095,0.18269,0.031268500000000005,0.0646145,0.0593695,0.113005,0.07776,0.0919695,0.18673499999999998,0.15344,0.0352585,0.144405,0.6872750000000001,0.13312000000000002,0.26814499999999997,0.13803500000000002,0.0627445,0.18471500000000002,0.12807,0.11291000000000001,0.086828,0.76729,0.483965,0.484935,0.7955650000000001,0.51464,0.56464,0.66561,0.7267950000000001,0.112765,0.10294,0.098768,0.097774,0.165525,0.13702999999999999,0.187135,0.0535435,0.16851,0.12195,0.21291500000000002,0.063528,0.15014,0.15339,0.22562,0.08161199999999999
420.0,0.054,0.056,0.049,0.03,0.061,0.074,0.047,0.037,0.086,0.02,0.204,0.027,0.033,0.05,0.043,0.089,0.01,0.033,0.022,0.049,0.051,0.147,0.063,0.105,0.036,0.114,0.08,0.111,0.051,0.051,0.095,0.089,0.096,0.089,0.081,0.109,0.123,0.117,0.065,0.088,0.161,0.13,0.136,0.121,0.099,0.021,0.046,0.051,0.038,0.09,0.046,0.041,0.146,0.126,0.218,0.301,0.322,0.338,0.168,0.179,0.199,0.185,0.323,0.333,0.261,0.234,0.227,0.119,0.043,0.096,0.141,0.081,0.109,0.094,0.102,0.111,0.135,0.194,0.369,0.101,0.144,0.177,0.157,0.107,0.122,0.159,0.261,0.1,0.071,0.121,0.16,0.146,0.093,0.102,0.098,0.119,0.128,0.143,0.182,0.129,0.134,0.154,0.179,0.206,0.09,0.108,0.121,0.18,0.245,0.18,0.203,0.192,0.126,0.123,0.123,0.123,0.147,0.184,0.095,0.107,0.127,0.14,0.154,0.152,0.165,0.176,0.197,0.212,0.139,0.156,0.187,0.184,0.17,0.082,0.085,0.117,0.089,0.124,0.162,0.078,0.085,0.104,0.052,0.069,0.06,0.054,0.121,0.216,0.026,0.042,0.086,0.078,0.036,0.03,0.064,0.024,0.034,0.05,0.075,0.129,0.101,0.107,0.046,0.063,0.116,0.116,0.048,0.04,0.102,0.176,0.042,0.031,0.09,0.116,0.278,0.135,0.154,0.096,0.105,0.105,0.141,0.08,0.097,0.094,0.141,0.171,0.064,0.09,0.101,0.094,0.097,0.059,0.119,0.06,0.075,0.082,0.072,0.112,0.081,0.267,0.337,0.104,0.262,0.335,0.069,0.126,0.222,0.079,0.085,0.146,0.162,0.177,0.09,0.11,0.206,0.193,0.207,0.079,0.112,0.118,0.099,0.117,0.175,0.144,0.249,0.07,0.416,0.249,0.235,0.089,0.721,0.24,0.615,0.198,0.32,0.082,0.17,0.314,0.313,0.16,0.221,0.081,0.109,0.327,0.257,0.429,0.616,0.409,0.26,0.28,0.27,0.309,0.21,0.377,0.397,0.317,0.357,0.337,0.285,0.274,0.291,0.323,0.438,0.319,0.329,0.652,0.413,0.064,0.077,0.085,0.08,0.07,0.081,0.119,0.09,0.074,0.098,0.198,0.103,0.107,0.128,0.054,0.09,0.163,0.158,0.047,0.047,0.051,0.079,0.109,0.184,0.098,0.174,0.159,0.156,0.164,0.164,0.059,0.09,0.02,0.055,0.062,0.03,0.033,0.04,0.045,0.101,0.245,0.094,0.096,0.607,0.185,0.032,0.063,0.071,0.117,0.08,0.093,0.182,0.156,0.036,0.147,0.684,0.14,0.27,0.14,0.065,0.188,0.131,0.119,0.081,0.76,0.48,0.5,0.84,0.52,0.56,0.66,0.725,0.123,0.105,0.099,0.099,0.175,0.135,0.188,0.055,0.17,0.125,0.212,0.063,0.153,0.154,0.24,0.086
430.0,0.060783000000000004,0.054049,0.0500465,0.031101499999999997,0.0619475,0.074062,0.048991999999999994,0.0391425,0.091069,0.0209965,0.20525,0.0271245,0.035005499999999995,0.050032999999999994,0.0429625,0.0969575,0.00999655,0.034893499999999994,0.028698500000000002,0.05087800000000001,0.0491115,0.156775,0.065816,0.11086,0.0378715,0.114035,0.08102000000000001,0.115605,0.070498,0.0520235,0.0989295,0.0918975,0.10464999999999999,0.095499,0.08209549999999999,0.12346000000000001,0.128885,0.12490000000000001,0.0718625,0.09220149999999999,0.17688500000000001,0.13117499999999999,0.14106000000000002,0.126145,0.10399,0.021035,0.0498445,0.053913,0.038975499999999996,0.093097,0.047017,0.044903,0.1441,0.12220500000000001,0.229105,0.316855,0.33509,0.349205,0.170055,0.18012,0.200125,0.29654,0.38322,0.346175,0.267,0.235255,0.22817500000000002,0.11977499999999999,0.045882000000000006,0.100001,0.14114,0.0859325,0.11212,0.097909,0.104865,0.114885,0.15047,0.212425,0.37341500000000005,0.10786000000000001,0.16665,0.193795,0.17758000000000002,0.11199999999999999,0.131845,0.16993999999999998,0.279825,0.124905,0.0952635,0.10225000000000001,0.180525,0.13957,0.10357,0.11455499999999999,0.11052000000000001,0.120975,0.12891,0.150855,0.19717,0.13297,0.14465,0.15979,0.18961,0.224495,0.09479,0.11762,0.133625,0.1837,0.250325,0.19147,0.21748,0.20925,0.130515,0.12763,0.12788,0.127625,0.149785,0.18348,0.109385,0.11762500000000001,0.133845,0.148575,0.16277999999999998,0.163665,0.17483500000000002,0.18189,0.213785,0.22944,0.145735,0.163775,0.195915,0.189975,0.17968,0.0839685,0.08699399999999999,0.12445999999999999,0.0939905,0.131145,0.170815,0.08186950000000001,0.091008,0.10801,0.054042999999999994,0.0700375,0.0580845,0.054099,0.12204999999999999,0.22007,0.022086,0.042132,0.09113199999999999,0.0818985,0.040137,0.032128,0.0671225,0.0240555,0.036017,0.05126,0.082799,0.17102499999999998,0.11009,0.11389,0.051792500000000005,0.0699645,0.120165,0.11548,0.0500475,0.043094999999999994,0.116425,0.195195,0.047891,0.033011,0.0920775,0.11999499999999999,0.296225,0.15103,0.16342,0.09950149999999999,0.14737,0.131295,0.150765,0.0850725,0.110785,0.09905900000000001,0.15212,0.19201000000000001,0.076027,0.11421500000000001,0.11805,0.10225000000000001,0.10001550000000001,0.061017,0.13312000000000002,0.0629525,0.08309050000000001,0.0789485,0.07777,0.15709499999999998,0.10017000000000001,0.300155,0.386735,0.11407,0.31294,0.41938,0.085967,0.15861,0.271165,0.09329950000000001,0.10414799999999999,0.16359,0.17884,0.191615,0.100981,0.129415,0.21500999999999998,0.20013,0.21902500000000003,0.080007,0.132715,0.10816,0.10998,0.13062,0.18677500000000002,0.162825,0.25718,0.0673575,0.421595,0.24898499999999998,0.23471,0.08484449999999999,0.7306999999999999,0.25171,0.6231850000000001,0.20967999999999998,0.326395,0.0850375,0.175805,0.32164499999999996,0.31169,0.16581,0.216715,0.078026,0.11421,0.333695,0.25899,0.437415,0.622945,0.41442,0.26588500000000004,0.289615,0.27875,0.30477,0.20997500000000002,0.37568,0.39556,0.31582,0.355725,0.33760500000000004,0.28579,0.276775,0.29262,0.32659499999999997,0.434525,0.3197,0.35148,0.6532,0.413265,0.0695,0.07764399999999999,0.0851845,0.033997,0.06984599999999999,0.080895,0.114365,0.08801149999999999,0.072179,0.0992255,0.200085,0.107065,0.111035,0.13311,0.0542,0.09504199999999999,0.168145,0.161145,0.048966499999999996,0.048966499999999996,0.053097000000000005,0.0830485,0.111065,0.191075,0.10294500000000001,0.18417499999999998,0.167075,0.15913,0.17312,0.17311500000000002,0.060019,0.0910175,0.020976500000000002,0.0550745,0.0629905,0.030015,0.0350315,0.040058,0.047032,0.10106000000000001,0.25611,0.0941105,0.1000825,0.621475,0.19219999999999998,0.032997,0.0669455,0.0731955,0.12099499999999999,0.08309150000000001,0.0990245,0.183195,0.159065,0.037018999999999996,0.15008500000000002,0.6895199999999999,0.15006999999999998,0.273015,0.14106000000000002,0.067751,0.19108,0.13416,0.125985,0.076054,0.75552,0.48057,0.55148,0.96495,0.52081,0.5706549999999999,0.660405,0.730335,0.13683499999999998,0.108045,0.10188,0.10003200000000001,0.19312,0.138895,0.192185,0.057998,0.176025,0.130105,0.215165,0.064061,0.15894000000000003,0.158995,0.25295,0.09208050000000001
440.0,0.062,0.052,0.052,0.034,0.061,0.074,0.05,0.044,0.097,0.022,0.209,0.03,0.037,0.05,0.041,0.102,0.01,0.035,0.028,0.049,0.048,0.154,0.062,0.111,0.036,0.112,0.081,0.105,0.08,0.053,0.096,0.088,0.1,0.087,0.084,0.122,0.128,0.128,0.073,0.098,0.188,0.13,0.145,0.13,0.107,0.021,0.048,0.053,0.039,0.097,0.046,0.044,0.141,0.119,0.239,0.324,0.346,0.361,0.17,0.181,0.201,0.318,0.35,0.36,0.269,0.239,0.23,0.112,0.044,0.103,0.142,0.087,0.116,0.096,0.101,0.112,0.145,0.204,0.338,0.107,0.173,0.196,0.18,0.113,0.13,0.171,0.279,0.142,0.129,0.139,0.181,0.142,0.097,0.11,0.105,0.119,0.123,0.147,0.182,0.131,0.142,0.155,0.184,0.224,0.09,0.112,0.131,0.173,0.227,0.181,0.209,0.199,0.121,0.119,0.127,0.119,0.141,0.164,0.104,0.114,0.131,0.141,0.161,0.157,0.173,0.178,0.211,0.245,0.14,0.157,0.192,0.185,0.172,0.085,0.089,0.12,0.095,0.134,0.17,0.082,0.094,0.11,0.056,0.071,0.057,0.056,0.123,0.223,0.021,0.045,0.098,0.081,0.048,0.037,0.072,0.025,0.038,0.059,0.081,0.221,0.119,0.115,0.052,0.072,0.127,0.119,0.052,0.048,0.115,0.214,0.051,0.035,0.093,0.12,0.308,0.156,0.17,0.108,0.17,0.135,0.152,0.089,0.113,0.104,0.16,0.207,0.086,0.141,0.134,0.11,0.101,0.063,0.147,0.062,0.087,0.094,0.074,0.165,0.119,0.331,0.45,0.123,0.352,0.474,0.099,0.174,0.325,0.112,0.124,0.161,0.183,0.214,0.108,0.157,0.22,0.208,0.227,0.08,0.141,0.098,0.113,0.132,0.187,0.171,0.265,0.064,0.428,0.25,0.235,0.08,0.743,0.26,0.631,0.225,0.331,0.086,0.179,0.33,0.311,0.16,0.21,0.072,0.121,0.341,0.264,0.439,0.628,0.42,0.275,0.301,0.29,0.302,0.211,0.375,0.394,0.315,0.354,0.339,0.287,0.279,0.294,0.326,0.431,0.321,0.371,0.655,0.413,0.038,0.045,0.041,0.034,0.041,0.054,0.046,0.038,0.05,0.104,0.106,0.111,0.114,0.139,0.061,0.1,0.175,0.165,0.05,0.05,0.057,0.086,0.113,0.197,0.104,0.198,0.175,0.163,0.182,0.182,0.06,0.091,0.021,0.056,0.063,0.03,0.037,0.041,0.049,0.101,0.265,0.096,0.105,0.637,0.202,0.033,0.07,0.075,0.123,0.087,0.105,0.187,0.161,0.038,0.153,0.697,0.16,0.272,0.142,0.064,0.193,0.139,0.131,0.073,0.75,0.49,0.62,0.94,0.53,0.59,0.66,0.73,0.145,0.11,0.101,0.1,0.212,0.139,0.197,0.06,0.181,0.136,0.22,0.066,0.161,0.162,0.259,0.099
450.0,0.0648155,0.050041,0.055970000000000006,0.03594,0.06511,0.07301099999999999,0.051999000000000004,0.0459095,0.101164,0.023962,0.21005000000000001,0.0310145,0.038975499999999996,0.0500025,0.040023500000000004,0.10592499999999999,0.0109505,0.036901500000000004,0.029878500000000002,0.047578499999999996,0.049703,0.13619,0.056941,0.10779,0.034863500000000006,0.10797,0.0819805,0.092175,0.09694849999999999,0.053970500000000005,0.0841445,0.0780175,0.08903900000000001,0.08169850000000001,0.0850435,0.10802,0.11601500000000001,0.12492,0.0709065,0.0900395,0.199905,0.126965,0.14799,0.12906,0.101995,0.0200505,0.0448985,0.049045500000000006,0.040003,0.09901599999999999,0.044160500000000005,0.0419925,0.13694,0.117005,0.24887,0.33508000000000004,0.35992999999999997,0.371955,0.16999999999999998,0.180985,0.20201,0.340735,0.364395,0.37687499999999996,0.269965,0.24298999999999998,0.232045,0.111035,0.039939,0.1079,0.14311000000000001,0.085976,0.11793500000000001,0.0880255,0.0940255,0.104995,0.130215,0.182075,0.34613,0.099036,0.16111,0.18592,0.17096,0.111045,0.11623,0.15975499999999998,0.26193500000000003,0.13213,0.153225,0.173755,0.16605,0.13801000000000002,0.084062,0.09621650000000001,0.09202199999999999,0.114315,0.111065,0.1272,0.160945,0.119975,0.13082,0.142005,0.169395,0.22060000000000002,0.0810125,0.103045,0.121935,0.159085,0.21425,0.163245,0.181365,0.173235,0.113405,0.10595,0.11974499999999999,0.10585,0.126065,0.149605,0.09786600000000001,0.107015,0.120085,0.130955,0.152005,0.134175,0.15685,0.16286,0.175525,0.210085,0.12799,0.14147500000000002,0.16218500000000002,0.1603,0.15227000000000002,0.093859,0.101563,0.135895,0.0919725,0.12516,0.165935,0.08287800000000001,0.08896899999999999,0.11308,0.0570415,0.073072,0.0559725,0.058002,0.126905,0.22986499999999999,0.026043,0.046018,0.103035,0.085829,0.053947999999999996,0.0388935,0.0669375,0.026042999999999997,0.039928000000000005,0.0650205,0.081044,0.200435,0.12015999999999999,0.10982,0.053846500000000005,0.0700195,0.13349,0.113755,0.0550015,0.049927,0.126625,0.223985,0.0539725,0.037008,0.09199650000000001,0.11898,0.311075,0.127715,0.144925,0.10883499999999999,0.179635,0.13896999999999998,0.141945,0.0858325,0.101994,0.10755500000000001,0.155955,0.205665,0.0847155,0.15119,0.14046,0.09912750000000001,0.102935,0.06601,0.15118,0.058859999999999996,0.077762,0.09676950000000001,0.066882,0.15228999999999998,0.119885,0.34491499999999997,0.50754,0.1269,0.373645,0.49261,0.10262,0.16676000000000002,0.37728,0.120815,0.132175,0.15004499999999998,0.173915,0.21554,0.106685,0.16846,0.222895,0.216965,0.23313,0.084997,0.13683499999999998,0.0949565,0.103145,0.136585,0.18184499999999998,0.16887999999999997,0.272085,0.0650075,0.41893,0.24661,0.22719499999999998,0.08507100000000001,0.730005,0.276845,0.6215649999999999,0.24418,0.32076000000000005,0.086657,0.17769000000000001,0.328255,0.29639000000000004,0.150395,0.194465,0.06573,0.12974,0.3412,0.264805,0.064017,0.61234,0.41344000000000003,0.279015,0.31065,0.293725,0.291425,0.210155,0.365215,0.37954,0.308045,0.34243,0.32915,0.28086,0.27429499999999996,0.28773,0.32299,0.417545,0.313895,0.369445,0.636395,0.39624000000000004,0.039665,0.046665,0.042627,0.0361675,0.0407525,0.055764999999999995,0.046334,0.038516499999999995,0.049783499999999994,0.10505,0.10713,0.11402,0.116975,0.144965,0.0708715,0.10491,0.182965,0.17106,0.053999000000000005,0.053999000000000005,0.059983,0.087019,0.114975,0.202,0.10604,0.21469,0.18488500000000002,0.16799,0.188085,0.188075,0.0600005,0.0920305,0.021034,0.0570015,0.063984,0.0310365,0.0380045,0.042,0.0500225,0.10314,0.27114000000000005,0.098953,0.11201,0.650045,0.21097500000000002,0.0320435,0.0769225,0.07411999999999999,0.126905,0.0899905,0.11293,0.189965,0.16499000000000003,0.039001,0.15789999999999998,0.707035,0.168985,0.27623,0.14593,0.06316949999999999,0.19789,0.143075,0.137935,0.07231499999999999,0.7499849999999999,0.49953000000000003,0.667695,0.88991,0.53041,0.600135,0.66003,0.73017,0.15391,0.111045,0.104965,0.10000500000000001,0.22588999999999998,0.14309,0.201085,0.0619715,0.187725,0.14106000000000002,0.227965,0.06797249999999999,0.16402,0.16806,0.26,0.105075
460.0,0.063,0.049,0.059,0.036,0.073,0.072,0.054,0.044,0.109,0.025,0.211,0.032,0.04,0.05,0.04,0.107,0.011,0.037,0.03,0.037,0.044,0.121,0.051,0.1,0.031,0.103,0.082,0.082,0.088,0.054,0.075,0.068,0.079,0.071,0.087,0.095,0.103,0.117,0.065,0.08,0.21,0.123,0.15,0.129,0.096,0.02,0.04,0.046,0.041,0.101,0.047,0.04,0.131,0.114,0.255,0.349,0.372,0.381,0.169,0.18,0.203,0.362,0.38,0.39,0.27,0.246,0.235,0.112,0.035,0.11,0.147,0.084,0.117,0.081,0.088,0.097,0.121,0.163,0.293,0.092,0.149,0.17,0.158,0.11,0.107,0.142,0.243,0.123,0.151,0.165,0.149,0.132,0.073,0.087,0.08,0.092,0.1,0.11,0.141,0.107,0.114,0.128,0.15,0.204,0.073,0.096,0.111,0.147,0.211,0.149,0.16,0.155,0.093,0.091,0.104,0.091,0.112,0.127,0.089,0.1,0.11,0.12,0.142,0.114,0.134,0.141,0.15,0.17,0.114,0.134,0.133,0.139,0.137,0.096,0.102,0.124,0.087,0.118,0.16,0.082,0.083,0.118,0.059,0.077,0.054,0.06,0.129,0.234,0.035,0.046,0.108,0.088,0.057,0.037,0.06,0.028,0.041,0.07,0.083,0.18,0.123,0.096,0.051,0.068,0.125,0.127,0.058,0.049,0.129,0.23,0.055,0.039,0.09,0.117,0.313,0.116,0.136,0.101,0.175,0.146,0.127,0.078,0.088,0.096,0.147,0.19,0.073,0.132,0.128,0.088,0.103,0.069,0.157,0.052,0.06,0.087,0.057,0.179,0.111,0.337,0.509,0.126,0.372,0.489,0.091,0.147,0.385,0.118,0.137,0.141,0.161,0.198,0.094,0.158,0.222,0.225,0.242,0.089,0.126,0.091,0.094,0.13,0.171,0.161,0.28,0.19,0.148,0.164,0.059,0.355,0.08,0.223,0.2,0.124,0.045,0.103,0.102,0.119,0.079,0.152,0.051,0.078,0.179,0.156,0.168,0.161,0.155,0.11,0.14,0.122,0.125,0.104,0.143,0.15,0.12,0.162,0.154,0.088,0.131,0.136,0.111,0.182,0.136,0.117,0.4,0.181,0.032,0.042,0.049,0.047,0.039,0.042,0.059,0.048,0.04,0.05,0.106,0.112,0.117,0.119,0.15,0.076,0.107,0.19,0.179,0.058,0.058,0.062,0.088,0.116,0.206,0.11,0.222,0.192,0.173,0.196,0.196,0.06,0.095,0.022,0.058,0.065,0.033,0.039,0.043,0.051,0.112,0.279,0.101,0.119,0.663,0.218,0.033,0.082,0.076,0.129,0.093,0.119,0.191,0.17,0.04,0.16,0.718,0.177,0.288,0.148,0.043,0.2,0.148,0.144,0.068,0.745,0.5,0.87,0.84,0.54,0.61,0.66,0.735,0.161,0.113,0.108,0.1,0.234,0.149,0.207,0.064,0.191,0.147,0.236,0.069,0.168,0.177,0.26,0.113
470.0,0.0621135,0.0469925,0.059973,0.0369415,0.075809,0.0709955,0.054996,0.0420905,0.115095,0.026007000000000002,0.211035,0.033998,0.039986499999999994,0.05,0.040009,0.10601,0.01193,0.038985000000000006,0.0319195,0.0367445,0.043029,0.11051,0.0490705,0.098717,0.029901999999999998,0.099983,0.084475,0.06898,0.086773,0.053998000000000004,0.06808600000000001,0.061038999999999996,0.072134,0.0680195,0.08897849999999999,0.0898895,0.09411900000000001,0.10414999999999999,0.058207499999999995,0.0721025,0.219725,0.12296499999999999,0.151035,0.1298,0.0939335,0.019042,0.0399775,0.0440825,0.0410755,0.10404,0.051027,0.0389815,0.12698500000000001,0.11152000000000001,0.26081,0.36,0.381895,0.38995,0.16404000000000002,0.17903000000000002,0.20401,0.37273999999999996,0.393765,0.400935,0.26988500000000004,0.24795499999999998,0.23794500000000002,0.10471,0.0349735,0.111035,0.15111000000000002,0.0830695,0.11495,0.0810965,0.086139,0.0913215,0.11412,0.155035,0.28056000000000003,0.08995449999999999,0.137065,0.15124500000000002,0.142295,0.108905,0.101275,0.13901,0.239005,0.126055,0.14285,0.15111,0.13256,0.12915,0.067254,0.078344,0.0719845,0.0829275,0.0900395,0.095262,0.13426,0.098112,0.1032,0.116145,0.18164,0.18568,0.0688915,0.089888,0.10305500000000001,0.13416,0.20104,0.127745,0.1419,0.15247,0.083679,0.0771955,0.0912135,0.0889575,0.099141,0.11229,0.07997850000000001,0.092144,0.10014,0.11002999999999999,0.132035,0.1005395,0.11739,0.126995,0.13329,0.153305,0.10040199999999999,0.1148,0.112525,0.122945,0.12379499999999999,0.08684,0.098355,0.11801500000000001,0.0821135,0.11213500000000001,0.152705,0.084754,0.08498649999999999,0.11999499999999999,0.061006,0.0789945,0.053081,0.063037,0.134095,0.23994500000000002,0.047685500000000006,0.0442125,0.112135,0.0939575,0.056989,0.0370665,0.06399949999999999,0.0290125,0.046877,0.0720055,0.0817715,0.178545,0.12319,0.0730765,0.046266,0.0659025,0.118,0.135855,0.059973,0.049029500000000004,0.119975,0.22988,0.0511205,0.040001999999999996,0.087027,0.115015,0.315395,0.12022,0.118595,0.090188,0.16207,0.158495,0.10935500000000001,0.0778745,0.073061,0.081413,0.134965,0.17215,0.064077,0.10708999999999999,0.1121,0.0811045,0.10303000000000001,0.0700245,0.158045,0.0479275,0.0489505,0.0718925,0.050950499999999996,0.11654999999999999,0.09745699999999999,0.28446000000000005,0.37997499999999995,0.123005,0.33561,0.45931999999999995,0.072259,0.12431,0.31335999999999997,0.1000055,0.11818999999999999,0.13787,0.155095,0.17974,0.082204,0.139955,0.219995,0.233995,0.24799500000000002,0.0851085,0.11484,0.0829395,0.080903,0.119855,0.15911999999999998,0.153145,0.284095,0.21887,0.14834,0.17021,0.057345999999999994,0.380965,0.08150550000000001,0.24802,0.19561,0.1278,0.043290499999999996,0.105135,0.120905,0.11893499999999999,0.0778785,0.154015,0.055497000000000005,0.079138,0.184425,0.15416,0.180975,0.176085,0.164345,0.11011699999999999,0.13971,0.12406500000000001,0.131305,0.109095,0.1494,0.15683,0.12445500000000001,0.16858,0.160195,0.092608,0.137505,0.14261000000000001,0.11523,0.19846,0.14121,0.12182,0.41333,0.18844,0.0304595,0.044013,0.050976,0.0489355,0.041007,0.043012499999999995,0.061046500000000004,0.0489545,0.040001499999999995,0.051009,0.107085,0.114975,0.11899,0.121065,0.15599000000000002,0.076042,0.109005,0.196895,0.18593500000000002,0.0590155,0.0590155,0.064021,0.090129,0.11704,0.20808,0.11598,0.22593,0.19769,0.177805,0.201695,0.20153500000000002,0.059984499999999996,0.0987095,0.0230575,0.0589395,0.0658745,0.03406,0.0399245,0.043939,0.049994,0.12876500000000002,0.281105,0.10497000000000001,0.124055,0.676895,0.223075,0.036904,0.08393049999999999,0.0789675,0.13298,0.0978575,0.123955,0.191005,0.17895,0.042107,0.16096,0.73207,0.184005,0.29906,0.148995,0.0399775,0.20199499999999998,0.151125,0.15196500000000002,0.054764,0.74193,0.49733499999999997,0.8127850000000001,0.78039,0.5496099999999999,0.6204000000000001,0.660005,0.7398549999999999,0.167875,0.11504,0.10827,0.1000325,0.235905,0.14709499999999998,0.214165,0.06887499999999999,0.210665,0.15206999999999998,0.24799000000000002,0.069998,0.17304,0.186875,0.26002000000000003,0.12103
480.0,0.065,0.045,0.06,0.037,0.075,0.07,0.056,0.044,0.123,0.027,0.212,0.036,0.039,0.05,0.04,0.106,0.011,0.041,0.032,0.034,0.044,0.114,0.05,0.093,0.028,0.097,0.096,0.078,0.082,0.054,0.064,0.056,0.07,0.067,0.09,0.084,0.09,0.095,0.058,0.068,0.22,0.123,0.153,0.128,0.092,0.019,0.041,0.045,0.043,0.108,0.056,0.04,0.122,0.127,0.261,0.369,0.388,0.397,0.16,0.179,0.205,0.371,0.4,0.408,0.27,0.248,0.239,0.088,0.035,0.113,0.159,0.085,0.113,0.085,0.089,0.095,0.11,0.151,0.27,0.088,0.128,0.141,0.135,0.105,0.102,0.14,0.239,0.132,0.132,0.143,0.133,0.131,0.061,0.07,0.065,0.077,0.082,0.088,0.133,0.094,0.1,0.109,0.171,0.186,0.063,0.082,0.097,0.126,0.191,0.125,0.146,0.161,0.073,0.071,0.086,0.089,0.092,0.108,0.071,0.088,0.094,0.101,0.123,0.104,0.118,0.145,0.131,0.151,0.094,0.114,0.106,0.13,0.129,0.098,0.105,0.142,0.08,0.11,0.137,0.084,0.087,0.121,0.065,0.08,0.054,0.067,0.143,0.245,0.051,0.048,0.12,0.098,0.057,0.04,0.071,0.03,0.05,0.073,0.074,0.167,0.127,0.053,0.048,0.062,0.115,0.137,0.061,0.051,0.108,0.222,0.05,0.041,0.085,0.113,0.33,0.132,0.114,0.082,0.15,0.157,0.103,0.077,0.062,0.081,0.123,0.161,0.061,0.09,0.103,0.078,0.104,0.071,0.159,0.043,0.038,0.056,0.045,0.104,0.096,0.293,0.38,0.12,0.31,0.41,0.062,0.111,0.291,0.083,0.101,0.133,0.154,0.16,0.078,0.12,0.218,0.243,0.253,0.083,0.103,0.07,0.067,0.11,0.152,0.151,0.289,0.239,0.155,0.18,0.059,0.418,0.095,0.269,0.193,0.136,0.047,0.107,0.135,0.125,0.081,0.156,0.06,0.08,0.189,0.156,0.197,0.189,0.181,0.119,0.145,0.13,0.142,0.117,0.16,0.168,0.135,0.18,0.173,0.103,0.148,0.153,0.123,0.218,0.153,0.125,0.43,0.205,0.037,0.047,0.053,0.05,0.043,0.045,0.065,0.05,0.041,0.053,0.11,0.119,0.121,0.125,0.162,0.077,0.112,0.201,0.191,0.06,0.06,0.067,0.096,0.119,0.212,0.122,0.228,0.203,0.184,0.206,0.206,0.06,0.101,0.024,0.058,0.066,0.036,0.039,0.043,0.05,0.14,0.285,0.108,0.13,0.688,0.23,0.038,0.083,0.081,0.137,0.099,0.127,0.191,0.188,0.047,0.161,0.749,0.191,0.31,0.15,0.044,0.204,0.157,0.16,0.058,0.735,0.51,0.76,0.74,0.55,0.64,0.66,0.74,0.172,0.118,0.114,0.101,0.233,0.147,0.225,0.072,0.224,0.158,0.26,0.071,0.18,0.194,0.262,0.13
490.0,0.06589,0.044946,0.060994,0.038955000000000004,0.0867465,0.0700215,0.057939500000000005,0.047751,0.131145,0.027047,0.213975,0.038063,0.037100999999999995,0.0499945,0.0401315,0.11111499999999999,0.0100465,0.0430825,0.033184500000000006,0.036727499999999996,0.0419845,0.112175,0.0500115,0.09486449999999999,0.029844000000000002,0.0939555,0.08748,0.0665395,0.0763295,0.0539945,0.061048500000000006,0.0520375,0.069026,0.0620615,0.08999750000000001,0.080931,0.0869215,0.0870365,0.0599845,0.06602150000000001,0.21403,0.12398999999999999,0.15498,0.13541999999999998,0.0938295,0.0190015,0.0429005,0.0480895,0.043974,0.11,0.060881,0.049806500000000004,0.11649999999999999,0.14727,0.25995,0.37307999999999997,0.39192000000000005,0.400945,0.159045,0.178985,0.20499499999999998,0.356175,0.39794,0.40591,0.27825500000000003,0.24597,0.23894500000000002,0.078221,0.0329645,0.113955,0.16776999999999997,0.088962,0.11799499999999999,0.0848335,0.0888005,0.0948985,0.10313,0.15001,0.25703,0.0880075,0.124015,0.137905,0.13014,0.100955,0.0950825,0.13886500000000002,0.24099500000000001,0.131915,0.12812,0.1412,0.132775,0.13213,0.06486349999999999,0.0698715,0.061,0.0738995,0.077003,0.0811675,0.11023,0.090846,0.097013,0.10309499999999999,0.11308,0.17585499999999998,0.060037499999999994,0.07883799999999999,0.0901495,0.118975,0.18401,0.11597,0.13319,0.14617999999999998,0.07867650000000001,0.0687135,0.079867,0.090008,0.088757,0.10106899999999999,0.0640165,0.0830555,0.0869935,0.092115,0.114065,0.10469,0.12698500000000001,0.15815,0.14311000000000001,0.149785,0.0781545,0.108185,0.092617,0.116175,0.11642,0.102275,0.109915,0.15111000000000002,0.078321,0.11254,0.13078499999999998,0.0916505,0.0830385,0.11985000000000001,0.078061,0.082238,0.0609715,0.068982,0.15081,0.251075,0.049969,0.052140000000000006,0.12799,0.0962945,0.062092499999999995,0.046202499999999994,0.08107500000000001,0.032148,0.052055500000000005,0.0720185,0.071058,0.155935,0.12817,0.045228000000000004,0.0473295,0.061870999999999995,0.12182,0.13391,0.06307,0.055976,0.091888,0.199955,0.050001000000000004,0.043027499999999996,0.08503949999999999,0.11021500000000001,0.351325,0.138845,0.109235,0.07085,0.13699,0.155155,0.098538,0.0799755,0.060953,0.0857175,0.11902499999999999,0.157865,0.0668055,0.0928245,0.10782,0.07606450000000001,0.105015,0.071044,0.16114,0.040042,0.030544,0.055101,0.044319,0.09109249999999999,0.09086050000000001,0.29495499999999997,0.415575,0.11691499999999999,0.28964500000000004,0.38393,0.0589825,0.10222,0.258905,0.079679,0.0910035,0.13197,0.15393,0.16393000000000002,0.07699149999999999,0.10555,0.217005,0.25099,0.257945,0.0819675,0.10574,0.052594,0.06468750000000001,0.11781,0.15000999999999998,0.15284999999999999,0.290015,0.25111,0.15975,0.18792999999999999,0.059835,0.46385,0.101509,0.289835,0.18982500000000002,0.14096999999999998,0.0478045,0.109925,0.143825,0.136955,0.081819,0.15894,0.0609475,0.080037,0.195065,0.156885,0.21095,0.20215,0.194625,0.12197,0.147895,0.13485,0.14995,0.120775,0.16806,0.17686000000000002,0.141855,0.18993,0.183745,0.111765,0.15696500000000002,0.162895,0.12896,0.23676,0.162795,0.126865,0.449975,0.21650999999999998,0.038721,0.0489735,0.054996500000000004,0.0529095,0.045931,0.046979,0.0689035,0.051036,0.0419625,0.054996500000000004,0.111035,0.122995,0.12498000000000001,0.129035,0.16798,0.0799705,0.11689,0.205985,0.196915,0.062033,0.0620335,0.070963,0.102135,0.12001500000000001,0.216005,0.12786,0.23104999999999998,0.2015,0.18538500000000002,0.20374,0.201225,0.059762499999999996,0.09952749999999999,0.0258615,0.0548245,0.06343850000000001,0.034978999999999996,0.03891,0.042027499999999995,0.0480705,0.14661,0.28891,0.10902,0.135,0.698905,0.23806,0.037040500000000004,0.08104449999999999,0.084074,0.13994,0.0999695,0.12801,0.19097,0.198875,0.050086,0.1631,0.7647649999999999,0.19802999999999998,0.316055,0.15093,0.0558275,0.206025,0.16101500000000002,0.16889500000000002,0.799795,0.52767,0.805995,0.70072,0.750705,0.5595,0.650095,0.660005,0.74,0.17783500000000002,0.11993999999999999,0.11324000000000001,0.103095,0.22486,0.14987,0.23335499999999998,0.0788195,0.233985,0.16113,0.26905,0.07199549999999999,0.18893500000000002,0.20394,0.272175,0.139995
500.0,0.066,0.044,0.063,0.04,0.095,0.071,0.06,0.045,0.144,0.029,0.215,0.043,0.039,0.05,0.045,0.122,0.01,0.048,0.04,0.033,0.04,0.111,0.05,0.096,0.028,0.09,0.088,0.064,0.081,0.054,0.06,0.05,0.069,0.058,0.09,0.077,0.082,0.08,0.059,0.065,0.208,0.125,0.157,0.13,0.092,0.019,0.042,0.053,0.044,0.112,0.063,0.054,0.126,0.146,0.259,0.379,0.395,0.405,0.16,0.179,0.205,0.347,0.395,0.402,0.269,0.243,0.237,0.078,0.03,0.113,0.171,0.093,0.125,0.079,0.083,0.091,0.1,0.15,0.247,0.089,0.122,0.134,0.13,0.096,0.089,0.134,0.242,0.127,0.13,0.146,0.126,0.136,0.159,0.161,0.057,0.069,0.073,0.079,0.095,0.084,0.094,0.1,0.109,0.161,0.059,0.073,0.087,0.112,0.178,0.104,0.121,0.131,0.077,0.06,0.07,0.09,0.08,0.095,0.059,0.08,0.08,0.087,0.107,0.094,0.109,0.142,0.133,0.143,0.09,0.102,0.092,0.104,0.11,0.108,0.111,0.158,0.084,0.126,0.15,0.093,0.08,0.115,0.099,0.094,0.096,0.07,0.153,0.259,0.048,0.06,0.135,0.104,0.071,0.058,0.091,0.038,0.055,0.071,0.072,0.146,0.132,0.047,0.054,0.06,0.124,0.129,0.067,0.061,0.08,0.182,0.05,0.046,0.087,0.114,0.386,0.14,0.109,0.079,0.13,0.16,0.083,0.082,0.059,0.081,0.118,0.153,0.067,0.092,0.107,0.076,0.106,0.072,0.167,0.039,0.042,0.061,0.054,0.078,0.08,0.278,0.39,0.112,0.286,0.363,0.056,0.099,0.244,0.071,0.083,0.131,0.152,0.17,0.076,0.108,0.216,0.258,0.261,0.081,0.102,0.051,0.057,0.122,0.148,0.151,0.29,0.262,0.164,0.195,0.06,0.499,0.108,0.308,0.193,0.147,0.049,0.111,0.148,0.154,0.083,0.161,0.063,0.081,0.202,0.159,0.225,0.215,0.208,0.129,0.151,0.14,0.16,0.122,0.178,0.187,0.15,0.201,0.192,0.12,0.168,0.173,0.138,0.253,0.173,0.13,0.47,0.224,0.04,0.05,0.057,0.054,0.047,0.048,0.07,0.053,0.042,0.057,0.112,0.127,0.129,0.134,0.174,0.083,0.119,0.211,0.201,0.065,0.065,0.074,0.11,0.122,0.22,0.13,0.236,0.094,0.102,0.102,0.037,0.054,0.016,0.048,0.048,0.024,0.033,0.037,0.042,0.025,0.141,0.29,0.11,0.14,0.707,0.248,0.037,0.081,0.089,0.141,0.101,0.129,0.19,0.206,0.055,0.168,0.773,0.206,0.321,0.15,0.064,0.208,0.165,0.175,0.83,0.5,0.76,0.66,0.79,0.56,0.66,0.66,0.74,0.182,0.121,0.118,0.108,0.213,0.151,0.25,0.082,0.243,0.167,0.279,0.073,0.196,0.213,0.29,0.15
510.0,0.07996,0.0439835,0.071215,0.042180999999999996,0.105935,0.073061,0.07004450000000001,0.048347,0.16116,0.0339665,0.215015,0.054166000000000006,0.0460675,0.0510175,0.057363,0.14571,0.01029945,0.0550515,0.0482375,0.0291055,0.04294,0.10118250000000001,0.0499965,0.0965385,0.0271535,0.08692749999999999,0.088863,0.059965500000000005,0.08034,0.0539245,0.059912,0.0498975,0.068905,0.054025500000000004,0.0898955,0.0739725,0.078981,0.070831,0.051503,0.06396650000000001,0.19882,0.12599,0.158655,0.12978499999999998,0.0898235,0.0189805,0.039959,0.0519125,0.045009,0.11379,0.066827,0.0522435,0.13254,0.14615,0.25959,0.381475,0.398305,0.410195,0.159915,0.179835,0.20480500000000001,0.346635,0.396495,0.4034,0.26558000000000004,0.238735,0.230735,0.077603,0.0300715,0.11105000000000001,0.175545,0.09878899999999999,0.13179000000000002,0.0728535,0.078625,0.08776700000000001,0.0988695,0.14993,0.238485,0.0899005,0.12084500000000001,0.13287,0.12972,0.090897,0.08488599999999999,0.12978,0.23154999999999998,0.116895,0.13072499999999998,0.14458500000000002,0.122795,0.13368000000000002,0.056944499999999995,0.060822,0.050025,0.0649565,0.0699675,0.0769235,0.09917799999999999,0.07879900000000001,0.08881149999999999,0.09592,0.10388,0.15654,0.0569385,0.06993150000000001,0.08201349999999999,0.10679,0.16866,0.0959585,0.10980999999999999,0.116915,0.068306,0.0557725,0.062921,0.084144,0.0748975,0.09119,0.057959,0.0788615,0.074884,0.08293,0.09893450000000001,0.082183,0.097869,0.12098500000000001,0.12571,0.138795,0.084775,0.08860799999999999,0.0778925,0.101545,0.100933,0.0990245,0.10769,0.15724,0.0810135,0.116285,0.15585500000000002,0.0976495,0.078721,0.11943999999999999,0.13348,0.11266,0.1218,0.070963,0.15591,0.264075,0.0470015,0.06689999999999999,0.14111,0.11884,0.07892,0.06604499999999999,0.0914315,0.0400125,0.055068000000000006,0.0700595,0.07380049999999999,0.133945,0.132195,0.047744999999999996,0.056088,0.060814499999999994,0.12007,0.13327,0.069023,0.065916,0.0948685,0.1976,0.0499995,0.049035499999999996,0.089924,0.11773,0.409415,0.14193,0.105075,0.072604,0.14298,0.16669,0.0821225,0.0780245,0.051137,0.0733225,0.11785999999999999,0.15202,0.0600635,0.082339,0.0943325,0.0760265,0.106085,0.073061,0.173265,0.037967,0.057455000000000006,0.066846,0.0608345,0.0779135,0.071104,0.2263,0.30312,0.11002999999999999,0.275165,0.34834,0.052113,0.09214649999999999,0.217735,0.06696450000000001,0.0779415,0.13005499999999998,0.149885,0.169035,0.074995,0.106905,0.21515,0.26517999999999997,0.266255,0.085026,0.0902895,0.044900499999999996,0.0517805,0.11705499999999999,0.14103,0.14888,0.290185,0.27102499999999996,0.168845,0.20106000000000002,0.060978000000000004,0.527795,0.11299000000000001,0.32498499999999997,0.200045,0.15209499999999998,0.049971,0.114015,0.14918,0.16985499999999998,0.08686150000000001,0.16597,0.064032,0.08404249999999999,0.208015,0.16203,0.236995,0.22892,0.219935,0.133135,0.15592499999999998,0.144965,0.16999,0.124015,0.18622,0.19894499999999998,0.159065,0.21202,0.203935,0.13088,0.178035,0.18301499999999998,0.14688,0.271875,0.183005,0.13618999999999998,0.492935,0.231995,0.040988,0.0509665,0.058966500000000005,0.055954000000000004,0.048003000000000004,0.048045000000000004,0.070924,0.0540145,0.04302,0.058938500000000005,0.11101,0.130955,0.133985,0.139025,0.18192,0.0868155,0.12096,0.215945,0.20594,0.0670085,0.0670095,0.0770025,0.11230499999999999,0.12693,0.22397,0.13073,0.24203,0.099067,0.10911,0.108935,0.0382875,0.055007,0.0151785,0.049207,0.048933500000000005,0.022607000000000002,0.0329925,0.036981,0.042001,0.0287045,0.13513,0.290985,0.11,0.145945,0.7139800000000001,0.257955,0.037018,0.0839945,0.090989,0.14310499999999998,0.10495,0.129965,0.18896000000000002,0.21106999999999998,0.0600405,0.171135,0.778875,0.21395,0.321185,0.149975,0.0688565,0.20603,0.16993999999999998,0.18092,0.823055,0.490445,0.70928,0.65055,0.820175,0.5696049999999999,0.670005,0.660095,0.74015,0.19687500000000002,0.12693500000000002,0.12503,0.11307500000000001,0.209165,0.158915,0.26100500000000004,0.08692150000000001,0.248885,0.17202,0.28898500000000005,0.07503950000000001,0.20094,0.22196,0.30988499999999997,0.16003499999999998
520.0,0.096,0.044,0.09,0.052,0.12,0.077,0.085,0.065,0.185,0.04,0.215,0.072,0.058,0.053,0.084,0.19,0.018,0.065,0.064,0.03,0.043,0.1,0.048,0.09,0.026,0.083,0.089,0.055,0.064,0.054,0.059,0.049,0.069,0.051,0.091,0.073,0.079,0.06,0.058,0.063,0.191,0.126,0.159,0.131,0.089,0.018,0.038,0.049,0.046,0.116,0.071,0.05,0.127,0.157,0.261,0.388,0.404,0.42,0.161,0.181,0.205,0.355,0.402,0.41,0.262,0.233,0.228,0.074,0.031,0.109,0.179,0.105,0.14,0.069,0.072,0.085,0.098,0.15,0.226,0.089,0.122,0.137,0.13,0.087,0.08,0.125,0.22,0.11,0.129,0.137,0.121,0.13,0.047,0.054,0.045,0.064,0.07,0.077,0.092,0.073,0.082,0.092,0.095,0.152,0.055,0.068,0.08,0.101,0.161,0.087,0.095,0.105,0.07,0.052,0.059,0.083,0.072,0.093,0.059,0.078,0.07,0.081,0.094,0.08,0.092,0.108,0.121,0.138,0.07,0.088,0.062,0.09,0.091,0.093,0.101,0.142,0.079,0.113,0.134,0.099,0.075,0.14,0.154,0.122,0.136,0.072,0.157,0.271,0.047,0.07,0.15,0.13,0.084,0.073,0.101,0.041,0.056,0.07,0.07,0.095,0.134,0.04,0.058,0.058,0.118,0.143,0.07,0.067,0.081,0.201,0.049,0.052,0.09,0.113,0.35,0.14,0.102,0.075,0.13,0.162,0.084,0.074,0.046,0.074,0.113,0.15,0.054,0.081,0.09,0.076,0.107,0.075,0.183,0.036,0.054,0.065,0.06,0.076,0.066,0.201,0.236,0.109,0.264,0.339,0.05,0.088,0.182,0.063,0.072,0.129,0.144,0.165,0.073,0.1,0.215,0.272,0.272,0.09,0.084,0.035,0.043,0.11,0.132,0.142,0.29,0.28,0.171,0.208,0.062,0.549,0.118,0.342,0.21,0.159,0.051,0.118,0.156,0.18,0.088,0.17,0.066,0.088,0.214,0.167,0.247,0.239,0.23,0.141,0.16,0.15,0.18,0.127,0.2,0.21,0.17,0.224,0.215,0.14,0.189,0.194,0.153,0.289,0.194,0.146,0.515,0.241,0.042,0.051,0.06,0.057,0.049,0.049,0.07,0.055,0.045,0.059,0.11,0.134,0.139,0.145,0.189,0.085,0.122,0.221,0.211,0.069,0.069,0.08,0.122,0.131,0.228,0.126,0.25,0.109,0.118,0.118,0.041,0.058,0.016,0.05,0.05,0.022,0.033,0.037,0.042,0.032,0.135,0.292,0.11,0.15,0.721,0.266,0.038,0.087,0.092,0.148,0.108,0.131,0.186,0.217,0.066,0.177,0.781,0.22,0.326,0.151,0.069,0.204,0.174,0.184,0.82,0.48,0.67,0.67,0.85,0.57,0.68,0.66,0.745,0.209,0.134,0.132,0.119,0.213,0.166,0.27,0.09,0.25,0.177,0.298,0.078,0.204,0.23,0.327,0.171
530.0,0.11423,0.045016,0.118675,0.069911,0.148695,0.0799545,0.105805,0.0869645,0.212775,0.0530085,0.21400000000000002,0.091947,0.0779035,0.056008,0.114355,0.21986499999999998,0.020057,0.0788945,0.08192050000000001,0.0315775,0.0352355,0.096251,0.042481,0.0876205,0.030973,0.079626,0.086863,0.051395,0.0608125,0.052827,0.058284,0.048178,0.06749749999999999,0.0511705,0.08877550000000001,0.070774,0.077529,0.0537405,0.0569895,0.061459,0.18262499999999998,0.12741,0.15469500000000003,0.12607,0.087146,0.0171855,0.038677,0.0471,0.0461635,0.11361,0.07263149999999999,0.051336,0.118305,0.1636,0.26031,0.3851,0.40455,0.41635500000000003,0.15777,0.17948999999999998,0.20196999999999998,0.357515,0.400485,0.405365,0.256725,0.22598000000000001,0.215675,0.0788615,0.027447,0.10217999999999999,0.17406,0.109075,0.13759,0.072964,0.07765,0.086327,0.096171,0.15004499999999998,0.199895,0.08521400000000001,0.12193999999999999,0.13913999999999999,0.128785,0.08317150000000001,0.0738385,0.11732999999999999,0.203075,0.101702,0.117335,0.12627,0.11816499999999999,0.124555,0.039861499999999994,0.055746500000000004,0.0413055,0.063278,0.068129,0.07577400000000001,0.09277750000000001,0.069158,0.0750345,0.08212449999999999,0.08594,0.14498499999999998,0.0530095,0.064928,0.077492,0.0979755,0.15908,0.071655,0.081137,0.091687,0.065428,0.0563555,0.0594025,0.07340050000000001,0.06821150000000001,0.078555,0.0587955,0.0761125,0.0656305,0.0791315,0.0907715,0.0783475,0.0889085,0.105597,0.11954500000000001,0.13071,0.058862,0.066315,0.0586905,0.0745435,0.0752725,0.087344,0.094173,0.12779,0.0721185,0.103544,0.123445,0.102804,0.07273099999999999,0.160605,0.16358,0.128875,0.14185999999999999,0.076871,0.15896,0.27888999999999997,0.0499955,0.070937,0.157985,0.14098,0.0879125,0.075022,0.10502500000000001,0.0409985,0.0549785,0.07038,0.069189,0.0782645,0.136215,0.0244225,0.058249499999999996,0.060043,0.12111,0.14849,0.071513,0.066412,0.0567415,0.18336,0.045135499999999995,0.05438,0.0903195,0.10584,0.30705499999999997,0.13792,0.10449,0.06003,0.11829,0.156885,0.069654,0.0752705,0.0399605,0.0700165,0.10607,0.14149499999999998,0.051239,0.080052,0.0889505,0.07631,0.10973,0.07628399999999999,0.19698500000000002,0.036134,0.041250999999999996,0.052248,0.055264499999999994,0.070454,0.06431999999999999,0.18898500000000001,0.20337,0.11052000000000001,0.260515,0.332735,0.0420385,0.079768,0.169905,0.060385499999999995,0.069189,0.127705,0.14038,0.16108,0.071382,0.09231149999999999,0.21665,0.27932999999999997,0.271505,0.094328,0.07672999999999999,0.0320385,0.0420215,0.100665,0.121615,0.13564,0.29259999999999997,0.28789,0.17689,0.212075,0.064055,0.5668850000000001,0.122145,0.35989499999999996,0.21987,0.163135,0.053983500000000004,0.122045,0.16487000000000002,0.183995,0.08993999999999999,0.17003000000000001,0.0679555,0.0890245,0.218995,0.174995,0.25106,0.244065,0.23688,0.14893,0.16697499999999998,0.15793000000000001,0.19098500000000002,0.128965,0.21198,0.221055,0.17909,0.23704,0.225095,0.15093499999999999,0.19994499999999998,0.205965,0.16199000000000002,0.30783000000000005,0.20599,0.14640999999999998,0.537895,0.24897,0.042009500000000005,0.0509965,0.060966000000000006,0.0579655,0.049008,0.049015,0.069999,0.0560785,0.046971,0.059022500000000006,0.11107,0.13896999999999998,0.145015,0.15204,0.196635,0.0809945,0.12293,0.22856500000000002,0.21640500000000001,0.069898,0.06991249999999999,0.08198,0.12983,0.13690999999999998,0.23156,0.12978499999999998,0.25760000000000005,0.11021500000000001,0.12586,0.12584499999999998,0.042762499999999995,0.0611165,0.0159725,0.051017,0.050997,0.022926,0.0320085,0.0370075,0.041995500000000005,0.0359155,0.14105,0.29395499999999997,0.11096,0.152015,0.7287950000000001,0.27203,0.0409635,0.0879745,0.09403049999999999,0.15004,0.10997,0.13593499999999997,0.18110500000000002,0.21902,0.070939,0.181025,0.7819400000000001,0.223995,0.33302,0.15689,0.06795799999999999,0.20199499999999998,0.17990499999999998,0.182895,0.81986,0.470345,0.63999,0.7196400000000001,0.86988,0.57036,0.69,0.65039,0.7498549999999999,0.21081,0.14898499999999998,0.13616,0.12003,0.22001500000000002,0.17196499999999998,0.277945,0.09204100000000001,0.25142,0.18090499999999998,0.304985,0.0790255,0.20691500000000002,0.23899,0.34375500000000003,0.18205
540.0,0.138,0.047,0.138,0.085,0.169,0.082,0.121,0.106,0.233,0.066,0.213,0.109,0.096,0.059,0.129,0.24,0.022,0.09,0.097,0.023,0.034,0.027,0.049,0.03,0.105,0.068,0.034,0.034,0.034,0.024,0.041,0.028,0.03,0.056,0.034,0.04,0.041,0.02,0.03,0.047,0.096,0.138,0.051,0.052,0.018,0.021,0.032,0.024,0.05,0.031,0.018,0.13,0.074,0.112,0.128,0.15,0.161,0.09,0.102,0.119,0.13,0.163,0.201,0.149,0.152,0.149,0.054,0.011,0.035,0.101,0.029,0.044,0.03,0.03,0.031,0.026,0.053,0.128,0.034,0.064,0.051,0.05,0.03,0.037,0.041,0.05,0.026,0.017,0.02,0.03,0.05,0.015,0.022,0.02,0.022,0.022,0.022,0.022,0.02,0.023,0.023,0.029,0.03,0.021,0.028,0.037,0.04,0.05,0.043,0.05,0.05,0.027,0.024,0.024,0.024,0.027,0.024,0.029,0.03,0.03,0.03,0.033,0.036,0.038,0.038,0.038,0.038,0.022,0.024,0.028,0.028,0.028,0.024,0.02,0.026,0.019,0.022,0.037,0.034,0.054,0.019,0.17,0.157,0.129,0.14,0.079,0.161,0.284,0.053,0.07,0.165,0.15,0.089,0.076,0.108,0.041,0.053,0.07,0.068,0.072,0.136,0.007,0.056,0.06,0.112,0.156,0.074,0.063,0.031,0.163,0.04,0.056,0.091,0.1,0.292,0.136,0.105,0.045,0.11,0.152,0.063,0.076,0.032,0.063,0.095,0.121,0.049,0.072,0.081,0.076,0.111,0.077,0.21,0.036,0.034,0.042,0.051,0.067,0.07,0.218,0.235,0.111,0.256,0.32,0.033,0.071,0.154,0.059,0.063,0.123,0.132,0.153,0.07,0.085,0.215,0.282,0.272,0.096,0.078,0.031,0.04,0.095,0.111,0.131,0.29,0.293,0.181,0.217,0.068,0.582,0.13,0.375,0.224,0.17,0.057,0.127,0.169,0.187,0.091,0.17,0.068,0.09,0.224,0.184,0.256,0.25,0.241,0.155,0.175,0.165,0.203,0.13,0.224,0.235,0.191,0.251,0.238,0.161,0.21,0.218,0.172,0.323,0.218,0.156,0.557,0.257,0.042,0.051,0.061,0.058,0.049,0.05,0.071,0.059,0.048,0.06,0.115,0.144,0.152,0.16,0.207,0.078,0.123,0.235,0.221,0.071,0.071,0.086,0.136,0.141,0.235,0.133,0.266,0.118,0.132,0.132,0.041,0.067,0.017,0.052,0.052,0.023,0.031,0.037,0.042,0.038,0.15,0.295,0.111,0.154,0.732,0.278,0.043,0.088,0.097,0.153,0.111,0.141,0.178,0.22,0.073,0.185,0.781,0.227,0.341,0.161,0.066,0.2,0.184,0.177,0.82,0.47,0.62,0.77,0.88,0.58,0.7,0.65,0.75,0.202,0.167,0.143,0.121,0.229,0.177,0.284,0.095,0.264,0.183,0.312,0.08,0.207,0.247,0.353,0.194
550.0,0.14739,0.049984,0.146655,0.0907905,0.17596,0.086934,0.127645,0.112815,0.24482500000000001,0.0699365,0.212975,0.117825,0.107615,0.060005,0.149125,0.25495999999999996,0.0239475,0.09788150000000001,0.10666500000000001,0.0238965,0.036873500000000003,0.02431,0.050053,0.0255845,0.100899,0.0658415,0.031512,0.0318965,0.035723000000000005,0.0237335,0.0407995,0.025749,0.027790500000000003,0.057068,0.034529000000000004,0.040679,0.039714,0.019669,0.0297445,0.045971,0.09416250000000001,0.135115,0.057628,0.051292500000000005,0.016358499999999998,0.0210315,0.0309035,0.0208165,0.0500355,0.030182,0.0184245,0.122865,0.08415600000000001,0.115435,0.139525,0.160725,0.17343999999999998,0.0887465,0.103525,0.120435,0.14222,0.18378,0.21788,0.14648,0.15193,0.14826,0.048493,0.01126015,0.040159,0.10592,0.0285845,0.034015000000000004,0.032055,0.032669,0.0373445,0.028290000000000003,0.060467499999999993,0.129735,0.037259,0.06774849999999999,0.0571735,0.0521225,0.036814,0.03654350000000001,0.0397905,0.05912,0.0272015,0.017172,0.0212115,0.032002,0.057578,0.01402885,0.0219035,0.019671,0.0218515,0.021630999999999997,0.021587500000000003,0.021470999999999997,0.019293499999999998,0.022655,0.0226055,0.029490500000000003,0.030580500000000004,0.019819,0.0277885,0.0367235,0.041637499999999994,0.056390499999999996,0.042834,0.049819,0.0497165,0.031342999999999996,0.0284385,0.0284955,0.028478,0.031489,0.028403499999999998,0.0265945,0.0297085,0.0295405,0.0296495,0.033931,0.037585,0.039627499999999996,0.039523,0.00617555,0.0392145,0.021233500000000002,0.025840000000000002,0.029708,0.02957,0.0295955,0.0370385,0.021505999999999997,0.0418875,0.021885500000000002,0.0254145,0.0413745,0.0324925,0.0496865,0.0233715,0.18160500000000002,0.141245,0.11731,0.1258,0.0809285,0.16593,0.291045,0.052929000000000004,0.0699845,0.17203,0.1487,0.0889695,0.075028,0.111915,0.0419625,0.051984,0.032696,0.0472215,0.0538495,0.01529,0.046276,0.0220345,0.044677499999999995,0.0524085,0.032129000000000005,0.0297435,0.0130294,0.0320265,0.021574199999999998,0.0206815,0.0195075,0.061145000000000005,0.114365,0.055035,0.0497765,0.049234,0.050069,0.079194,0.06251799999999999,0.0331775,0.0451945,0.026340000000000002,0.0513475,0.068132,0.024757,0.0261435,0.040239,0.056843000000000005,0.0442755,0.038051,0.051268499999999995,0.02969105,0.020625,0.0253275,0.025615,0.026004,0.032741,0.07066049999999999,0.0960415,0.038504,0.062686,0.1078505,0.034124,0.0254465,0.091516,0.026202499999999997,0.026660000000000003,0.029709,0.044492500000000004,0.07464950000000001,0.0319575,0.033519,0.053577,0.0513225,0.0506385,0.046452499999999994,0.059688500000000005,0.040594000000000005,0.027146,0.028839,0.0422375,0.0467755,0.0736575,0.0305,0.30096,0.18596000000000001,0.219005,0.07090350000000001,0.59877,0.13705,0.39105,0.219995,0.17498999999999998,0.05999,0.12996000000000002,0.16907499999999998,0.19097,0.09401899999999999,0.17115999999999998,0.06604199999999999,0.0910195,0.23097,0.19605,0.26416,0.257165,0.249945,0.162995,0.186945,0.173975,0.218895,0.133065,0.240815,0.25287,0.20597,0.264075,0.2499,0.17197,0.22183,0.23288,0.18405,0.34102,0.22886499999999999,0.16619,0.5699,0.268905,0.042054999999999995,0.050982,0.060999,0.058000499999999997,0.0490145,0.053917,0.07499700000000001,0.060011499999999995,0.0490195,0.062025,0.11999,0.14994000000000002,0.159955,0.16704,0.20831,0.0754995,0.12247,0.234425,0.219045,0.0702885,0.07051199999999999,0.0852725,0.13759,0.145985,0.23279500000000003,0.13661,0.26222,0.125025,0.13892,0.13892,0.0370525,0.070026,0.017995999999999998,0.0530305,0.0530295,0.0229875,0.030033999999999998,0.036032,0.043034,0.0389785,0.159955,0.29595499999999997,0.11102000000000001,0.1561,0.7377450000000001,0.280945,0.044016,0.0889915,0.098998,0.1579,0.11196500000000001,0.1488,0.171075,0.21901500000000002,0.072042,0.187975,0.777835,0.22801,0.348895,0.16591,0.066084,0.197915,0.188855,0.167045,0.81502,0.470025,0.63011,0.83931,0.86957,0.5800000000000001,0.709975,0.650025,0.749995,0.182335,0.190905,0.146195,0.12406500000000001,0.24187,0.18199500000000002,0.28888,0.09701699999999999,0.26999,0.18883,0.32186000000000003,0.08003750000000001,0.20498,0.25211,0.359965,0.20400000000000001
560.0,0.136,0.052,0.142,0.088,0.178,0.09,0.123,0.11,0.249,0.067,0.213,0.117,0.105,0.061,0.14,0.267,0.024,0.1,0.104,0.025,0.038,0.022,0.051,0.026,0.099,0.062,0.032,0.032,0.038,0.024,0.041,0.024,0.03,0.059,0.038,0.042,0.041,0.02,0.03,0.048,0.094,0.132,0.059,0.052,0.017,0.021,0.03,0.019,0.05,0.031,0.02,0.115,0.09,0.12,0.153,0.18,0.191,0.094,0.108,0.125,0.157,0.205,0.238,0.149,0.154,0.149,0.049,0.012,0.048,0.109,0.032,0.0049,0.039,0.039,0.042,0.03,0.067,0.131,0.04,0.071,0.063,0.057,0.042,0.037,0.042,0.065,0.03,0.019,0.028,0.035,0.074,0.018,0.023,0.02,0.023,0.023,0.023,0.023,0.021,0.026,0.026,0.031,0.037,0.022,0.029,0.037,0.045,0.062,0.045,0.05,0.05,0.035,0.03,0.03,0.03,0.035,0.03,0.026,0.03,0.03,0.03,0.035,0.044,0.044,0.044,0.044,0.044,0.03,0.032,0.034,0.031,0.034,0.04,0.029,0.051,0.027,0.03,0.05,0.04,0.05,0.027,0.181,0.126,0.113,0.105,0.081,0.169,0.299,0.05,0.069,0.18,0.137,0.088,0.074,0.113,0.042,0.052,0.035,0.056,0.057,0.013,0.046,0.014,0.048,0.052,0.027,0.025,0.012,0.039,0.015,0.018,0.02,0.058,0.117,0.057,0.056,0.047,0.06,0.078,0.056,0.032,0.042,0.031,0.05,0.072,0.022,0.031,0.041,0.054,0.043,0.037,0.056,0.028,0.02,0.026,0.026,0.026,0.04,0.088,0.111,0.033,0.081,0.125,0.02,0.031,0.104,0.025,0.035,0.04,0.051,0.083,0.029,0.034,0.063,0.063,0.048,0.044,0.064,0.041,0.027,0.038,0.044,0.05,0.081,0.029,0.309,0.19,0.22,0.072,0.61,0.145,0.41,0.21,0.18,0.063,0.132,0.172,0.196,0.098,0.178,0.065,0.093,0.238,0.211,0.279,0.27,0.26,0.172,0.198,0.183,0.234,0.138,0.254,0.268,0.221,0.278,0.259,0.183,0.23,0.244,0.198,0.359,0.236,0.178,0.578,0.28,0.044,0.051,0.061,0.058,0.049,0.056,0.079,0.061,0.051,0.065,0.125,0.155,0.167,0.175,0.05,0.062,0.111,0.103,0.029,0.029,0.034,0.043,0.081,0.15,0.084,0.108,0.098,0.132,0.144,0.144,0.035,0.073,0.019,0.055,0.055,0.023,0.03,0.036,0.045,0.039,0.17,0.297,0.11,0.159,0.74,0.283,0.045,0.09,0.102,0.162,0.112,0.151,0.165,0.218,0.07,0.187,0.774,0.229,0.356,0.169,0.068,0.194,0.191,0.157,0.81,0.47,0.65,0.89,0.84,0.58,0.72,0.65,0.75,0.174,0.214,0.152,0.131,0.251,0.187,0.29,0.099,0.274,0.191,0.328,0.081,0.203,0.259,0.367,0.214
570.0,0.12797999999999998,0.051013,0.12993,0.080841,0.172995,0.09111,0.118795,0.09893350000000001,0.24692,0.053303500000000004,0.216015,0.10408,0.0949895,0.062962,0.10855999999999999,0.275,0.022991499999999998,0.09401899999999999,0.0939285,0.0269835,0.043741,0.020082000000000003,0.053916500000000006,0.025939,0.09610750000000001,0.0601715,0.0378635,0.0328335,0.038986999999999994,0.024228,0.043844499999999995,0.02981,0.0300165,0.060974,0.039997,0.044969,0.0419845,0.020963500000000003,0.030016,0.0490055,0.09395899999999999,0.13,0.0637985,0.049922999999999995,0.0169605,0.0219835,0.032882999999999996,0.019013000000000002,0.051070000000000004,0.0319415,0.023914499999999998,0.10915,0.10809,0.12594,0.168775,0.194815,0.20862,0.097734,0.110065,0.13089499999999998,0.170795,0.22177999999999998,0.25175,0.15001,0.158785,0.15015,0.055760000000000004,0.0129085,0.054034,0.10997,0.035859,0.049002000000000004,0.0399655,0.040004,0.0478205,0.033973500000000004,0.07097049999999999,0.1331,0.0408695,0.0730285,0.067823,0.059844999999999995,0.047783,0.0379595,0.0450645,0.07107450000000001,0.030886499999999997,0.019919,0.0311055,0.0389105,0.080818,0.0199265,0.024036000000000002,0.020049499999999998,0.024031999999999998,0.0240815,0.024079999999999997,0.0279135,0.022970499999999998,0.028021,0.0280175,0.033033,0.044598,0.022914,0.0299865,0.037973,0.0488575,0.06882450000000001,0.046908,0.0509955,0.050988,0.0354385,0.030919,0.030923,0.030921499999999998,0.034966,0.030917,0.0259775,0.030981500000000002,0.030969999999999998,0.0309785,0.00639285,0.0467915,0.0497885,0.0497805,0.050199,0.0497585,0.0340755,0.034322,0.041961,0.0418155,0.041953000000000004,0.0440185,0.033989,0.06275900000000001,0.0336925,0.040497000000000005,0.061574000000000004,0.0364,0.048159,0.028880999999999997,0.17202,0.11699,0.112045,0.09310550000000001,0.080996,0.17004,0.30311,0.047051499999999996,0.0650955,0.18686,0.131385,0.0869935,0.0709735,0.11093,0.042010000000000006,0.052494,0.036447499999999994,0.0580425,0.0591155,0.014274,0.038498,0.018871,0.0576365,0.053224499999999994,0.027331,0.0212,0.015165000000000001,0.042211,0.016344499999999998,0.016038,0.0300555,0.059183,0.12787,0.06456100000000001,0.071966,0.050964499999999996,0.06851299999999999,0.0791755,0.055452,0.034016500000000005,0.040089,0.0350535,0.055113999999999996,0.082097,0.026236000000000002,0.034186,0.049035999999999996,0.0520715,0.0461545,0.0391735,0.0611745,0.0304605,0.020039500000000002,0.028952,0.028970500000000003,0.0289955,0.0412105,0.1009585,0.12734,0.039617,0.100227,0.143445,0.0237785,0.0360435,0.113005,0.029311999999999998,0.043133500000000005,0.048957,0.061203499999999994,0.09117349999999999,0.030502500000000002,0.040124,0.0749965,0.07625,0.062533,0.0504005,0.068989,0.047023,0.028064,0.038121,0.0490015,0.0522745,0.09142349999999999,0.0318135,0.31791,0.194055,0.220005,0.0778555,0.62288,0.15303,0.433005,0.18551,0.18787500000000001,0.066964,0.13693,0.18106,0.20794,0.10209,0.187975,0.0650955,0.09700249999999999,0.246985,0.22784,0.299985,0.287145,0.27597,0.18295,0.20803,0.193025,0.252725,0.14212,0.27000500000000005,0.28391999999999995,0.236885,0.2881,0.269945,0.19591999999999998,0.24086,0.2521,0.21202500000000002,0.370055,0.24391000000000002,0.17830000000000001,0.58301,0.29494,0.046980999999999995,0.052937,0.061015,0.058035500000000004,0.04811,0.057998999999999995,0.08107149999999999,0.062996,0.0539505,0.067981,0.131,0.16193,0.17499,0.183,0.0484585,0.0639235,0.11886,0.10964499999999999,0.027162,0.028633,0.0307895,0.0425865,0.079478,0.15002500000000002,0.082521,0.11266999999999999,0.1003615,0.13792,0.147895,0.147895,0.035093,0.0748575,0.0199685,0.0569705,0.056970999999999994,0.023989999999999997,0.030033499999999998,0.0369955,0.046046000000000004,0.0391185,0.181615,0.2974,0.103145,0.161815,0.7384649999999999,0.28437,0.045072,0.09100050000000001,0.10878,0.16961500000000002,0.11086499999999999,0.15098,0.158,0.21261999999999998,0.0633155,0.1851,0.7702450000000001,0.22887000000000002,0.36526000000000003,0.17072500000000002,0.0672455,0.19074000000000002,0.194655,0.145125,0.8049550000000001,0.47,0.6700550000000001,0.9194150000000001,0.7999700000000001,0.5896399999999999,0.72959,0.6500049999999999,0.7500100000000001,0.178755,0.240015,0.15015499999999998,0.14284000000000002,0.25592000000000004,0.191995,0.28881500000000004,0.1000065,0.27988999999999997,0.19397999999999999,0.33305,0.08196400000000001,0.20723999999999998,0.263035,0.38011,0.22486
580.0,0.121,0.05,0.117,0.071,0.168,0.095,0.109,0.088,0.241,0.048,0.22,0.092,0.084,0.064,0.089,0.281,0.021,0.088,0.082,0.028,0.044,0.022,0.055,0.025,0.094,0.064,0.042,0.03,0.04,0.031,0.044,0.033,0.031,0.062,0.043,0.048,0.043,0.022,0.031,0.05,0.095,0.128,0.066,0.048,0.017,0.023,0.033,0.02,0.054,0.033,0.026,0.106,0.105,0.132,0.183,0.209,0.222,0.102,0.115,0.136,0.18,0.236,0.262,0.157,0.162,0.157,0.06,0.013,0.061,0.11,0.039,0.055,0.041,0.041,0.05,0.039,0.075,0.139,0.042,0.076,0.07,0.061,0.05,0.039,0.05,0.08,0.033,0.021,0.038,0.043,0.081,0.022,0.026,0.022,0.026,0.028,0.028,0.032,0.026,0.031,0.031,0.037,0.043,0.024,0.031,0.039,0.05,0.073,0.049,0.053,0.053,0.045,0.031,0.031,0.031,0.035,0.031,0.027,0.033,0.033,0.033,0.04,0.045,0.052,0.052,0.052,0.052,0.04,0.043,0.049,0.049,0.049,0.05,0.039,0.071,0.034,0.04,0.064,0.042,0.05,0.029,0.165,0.166,0.113,0.087,0.081,0.172,0.31,0.046,0.064,0.189,0.14,0.086,0.067,0.106,0.042,0.042,0.045,0.059,0.062,0.014,0.046,0.021,0.058,0.057,0.027,0.02,0.019,0.05,0.017,0.014,0.041,0.064,0.137,0.067,0.082,0.05,0.088,0.084,0.062,0.034,0.039,0.04,0.064,0.093,0.03,0.039,0.056,0.051,0.051,0.04,0.068,0.03,0.02,0.031,0.031,0.031,0.044,0.108,0.137,0.048,0.119,0.159,0.027,0.041,0.122,0.033,0.05,0.053,0.069,0.099,0.036,0.047,0.084,0.082,0.074,0.049,0.07,0.051,0.03,0.038,0.05,0.056,0.108,0.033,0.325,0.2,0.22,0.081,0.633,0.162,0.457,0.174,0.193,0.07,0.14,0.194,0.22,0.109,0.197,0.068,0.101,0.256,0.24,0.321,0.308,0.293,0.193,0.218,0.204,0.265,0.15,0.287,0.3,0.251,0.3,0.28,0.207,0.248,0.262,0.227,0.382,0.25,0.185,0.588,0.309,0.05,0.054,0.062,0.059,0.05,0.06,0.085,0.065,0.056,0.07,0.137,0.168,0.183,0.191,0.051,0.068,0.128,0.119,0.03,0.03,0.032,0.044,0.08,0.15,0.084,0.118,0.106,0.141,0.149,0.149,0.038,0.073,0.02,0.058,0.058,0.025,0.031,0.038,0.048,0.039,0.193,0.298,0.098,0.167,0.739,0.288,0.046,0.094,0.113,0.175,0.11,0.15,0.151,0.21,0.057,0.182,0.774,0.23,0.376,0.174,0.067,0.186,0.199,0.134,0.8,0.47,0.69,0.92,0.76,0.59,0.73,0.65,0.75,0.182,0.267,0.152,0.151,0.257,0.196,0.282,0.101,0.283,0.197,0.339,0.082,0.219,0.267,0.397,0.232
590.0,0.11421,0.050002,0.110805,0.070831,0.167725,0.0979855,0.0980565,0.0896525,0.23407,0.049927,0.22408499999999998,0.08295250000000001,0.0740575,0.0649975,0.07414699999999999,0.281985,0.018198,0.085985,0.076081,0.0261295,0.0468895,0.0230825,0.0569455,0.024017499999999997,0.091991,0.06589700000000001,0.0449345,0.029925,0.041001499999999996,0.033986,0.046914,0.037856,0.032913,0.06302050000000001,0.045884999999999995,0.049977999999999995,0.042975,0.024018499999999998,0.0320405,0.051033499999999996,0.097015,0.12603,0.066142,0.050907499999999994,0.0159965,0.024918000000000003,0.0320765,0.020031,0.056074,0.033001,0.024181,0.10305500000000001,0.103825,0.13905499999999998,0.19881500000000002,0.221835,0.2369,0.109015,0.12099499999999999,0.142965,0.18802000000000002,0.24590499999999998,0.270915,0.16305999999999998,0.17095,0.16321999999999998,0.060949500000000004,0.012993,0.068771,0.112095,0.040981000000000004,0.058856000000000006,0.0419975,0.0430195,0.050987,0.041981500000000005,0.07890849999999999,0.14498,0.043993500000000005,0.0780145,0.07494600000000001,0.0658715,0.0509875,0.0399895,0.0520605,0.081998,0.036943500000000004,0.024992,0.043038,0.0469275,0.080032,0.024947999999999998,0.0270725,0.02305,0.027072,0.030005999999999998,0.0300225,0.0350495,0.0289425,0.03302,0.03302,0.038989499999999996,0.0469865,0.024974999999999997,0.032031,0.0399955,0.0529825,0.0788335,0.050974500000000006,0.056965,0.0569645,0.037413,0.0319425,0.031943,0.031943,0.0369285,0.031951,0.029934000000000002,0.036864,0.036873500000000003,0.036879499999999996,0.0434385,0.047896,0.057730000000000004,0.0577255,0.0577555,0.0577235,0.0400125,0.0422835,0.049997,0.049987500000000004,0.0499965,0.052113,0.041974,0.081038,0.0342005,0.0439825,0.069831,0.042120000000000005,0.047133499999999995,0.029819,0.163515,0.10264799999999999,0.115915,0.0819695,0.081007,0.173995,0.31681,0.045995999999999995,0.064927,0.188905,0.15187499999999998,0.08493200000000001,0.06505,0.10001099999999999,0.042174500000000004,0.045730999999999994,0.045065,0.066827,0.0630395,0.0179295,0.043935,0.0249305,0.06495999999999999,0.0627305,0.0270175,0.0210005,0.0210585,0.05509,0.018025,0.0130215,0.055046,0.066854,0.135545,0.069031,0.0946085,0.0502035,0.091006,0.0886895,0.068815,0.034279500000000004,0.041025000000000006,0.0460065,0.070904,0.10001399999999999,0.0320415,0.041128,0.059035000000000004,0.052003499999999994,0.052041500000000004,0.0400335,0.07203899999999999,0.030033,0.019992,0.035959,0.0359605,0.035962,0.0489115,0.10504,0.13208,0.056915999999999994,0.1298,0.16986,0.030036,0.0450325,0.127965,0.038889,0.051056000000000004,0.057873999999999995,0.0721315,0.10785,0.0389985,0.052143999999999996,0.09407499999999999,0.09512599999999999,0.0842035,0.0481215,0.070998,0.0540625,0.029153,0.037983,0.0519755,0.058997,0.12219000000000001,0.0321395,0.333925,0.20702500000000001,0.22000999999999998,0.084956,0.64198,0.17096,0.47985,0.17023,0.20006000000000002,0.073042,0.14104,0.20877,0.23298000000000002,0.118095,0.20289000000000001,0.0699755,0.104125,0.26495,0.249885,0.33891,0.32406,0.3119,0.202915,0.22505,0.21394000000000002,0.27776999999999996,0.15994,0.30303,0.32272,0.26653499999999997,0.31098499999999996,0.28992,0.21801500000000001,0.25306,0.26910500000000004,0.243005,0.39358499999999996,0.25804000000000005,0.195075,0.592975,0.321985,0.0549665,0.0569545,0.064954,0.0600625,0.0510175,0.0620685,0.08892749999999999,0.0670355,0.0589125,0.071069,0.14199,0.17593999999999999,0.19101,0.19894,0.0529185,0.072045,0.13589,0.12586,0.030995,0.0311005,0.0340975,0.048926,0.0799875,0.14998499999999998,0.08593999999999999,0.12302,0.10996,0.14293499999999998,0.14987,0.14987,0.0400325,0.07504,0.019998000000000002,0.059005,0.0590045,0.025966999999999997,0.0319995,0.0390065,0.048978999999999995,0.0408695,0.19548500000000002,0.289225,0.0881565,0.18353,0.7145699999999999,0.27849,0.0475125,0.0916085,0.11768,0.175975,0.11126,0.14916000000000001,0.140505,0.201905,0.0526405,0.202015,0.762605,0.229465,0.37485999999999997,0.17106500000000002,0.0721585,0.17704,0.195775,0.12642,0.799795,0.469995,0.699685,0.87974,0.729975,0.590355,0.7395849999999999,0.650085,0.75014,0.196525,0.290845,0.15782,0.158965,0.251765,0.195995,0.27607000000000004,0.103065,0.285965,0.199935,0.341985,0.082997,0.226,0.26993999999999996,0.40995,0.238905
600.0,0.113,0.05,0.103,0.068,0.16,0.1,0.09,0.083,0.229,0.05,0.231,0.073,0.066,0.066,0.085,0.282,0.02,0.085,0.074,0.027,0.048,0.026,0.058,0.024,0.09,0.064,0.046,0.03,0.042,0.035,0.048,0.039,0.033,0.065,0.046,0.051,0.042,0.027,0.034,0.054,0.1,0.125,0.07,0.052,0.015,0.025,0.034,0.021,0.06,0.033,0.027,0.102,0.102,0.148,0.21,0.231,0.25,0.118,0.128,0.15,0.196,0.253,0.277,0.174,0.182,0.176,0.06,0.013,0.07,0.117,0.043,0.063,0.043,0.046,0.052,0.043,0.081,0.15,0.046,0.08,0.079,0.069,0.052,0.041,0.055,0.082,0.04,0.03,0.048,0.049,0.08,0.027,0.029,0.025,0.029,0.032,0.032,0.039,0.03,0.035,0.035,0.04,0.053,0.026,0.034,0.041,0.056,0.081,0.053,0.06,0.06,0.038,0.033,0.033,0.033,0.038,0.033,0.031,0.037,0.037,0.038,0.047,0.049,0.057,0.057,0.057,0.057,0.04,0.046,0.05,0.05,0.05,0.056,0.044,0.091,0.04,0.049,0.073,0.044,0.047,0.028,0.154,0.09,0.116,0.076,0.081,0.176,0.32,0.046,0.064,0.186,0.16,0.083,0.065,0.096,0.042,0.045,0.044,0.07,0.065,0.02,0.038,0.027,0.071,0.061,0.027,0.022,0.024,0.062,0.019,0.013,0.07,0.066,0.121,0.07,0.096,0.055,0.088,0.084,0.069,0.042,0.044,0.051,0.074,0.106,0.034,0.045,0.062,0.053,0.053,0.041,0.076,0.03,0.02,0.04,0.04,0.04,0.051,0.103,0.128,0.061,0.132,0.174,0.032,0.049,0.133,0.041,0.052,0.059,0.077,0.113,0.04,0.061,0.107,0.112,0.101,0.05,0.072,0.058,0.032,0.038,0.054,0.061,0.14,0.031,0.342,0.215,0.22,0.088,0.651,0.179,0.5,0.174,0.21,0.077,0.143,0.218,0.246,0.13,0.205,0.071,0.11,0.273,0.256,0.354,0.34,0.328,0.211,0.233,0.222,0.285,0.169,0.321,0.34,0.272,0.321,0.298,0.23,0.259,0.277,0.26,0.403,0.268,0.211,0.598,0.335,0.059,0.059,0.067,0.063,0.053,0.066,0.092,0.07,0.06,0.074,0.147,0.183,0.199,0.206,0.056,0.077,0.141,0.132,0.036,0.036,0.04,0.054,0.081,0.15,0.09,0.129,0.116,0.143,0.147,0.147,0.043,0.079,0.02,0.06,0.06,0.026,0.033,0.04,0.049,0.087,0.068,0.075,0.083,0.451,0.139,0.021,0.061,0.056,0.091,0.081,0.072,0.154,0.121,0.027,0.136,0.626,0.106,0.172,0.109,0.052,0.153,0.1,0.07,0.15,0.795,0.47,0.69,0.82,0.7,0.6,0.74,0.65,0.755,0.2,0.31,0.159,0.167,0.24,0.193,0.272,0.107,0.288,0.201,0.344,0.084,0.232,0.271,0.42,0.243
610.0,0.10904,0.049021999999999996,0.10263,0.06396450000000001,0.15225,0.10094500000000001,0.08595900000000001,0.07314399999999999,0.224045,0.049183000000000004,0.238955,0.0640985,0.058033,0.06700300000000001,0.066595,0.28399,0.018099499999999998,0.08479149999999999,0.0709085,0.0260325,0.049945500000000004,0.028012500000000003,0.0599435,0.0249565,0.0899645,0.063088,0.0469935,0.039279999999999995,0.0430385,0.035011,0.0469055,0.0379115,0.0349245,0.067956,0.0479005,0.050973000000000004,0.041015499999999996,0.029946,0.0350225,0.060964000000000004,0.102905,0.12397,0.07203,0.052045,0.0149915,0.025936,0.036832500000000004,0.022988500000000002,0.0640025,0.032978,0.028920500000000002,0.10406,0.10561000000000001,0.15598,0.219945,0.242825,0.261915,0.12694,0.13887,0.159005,0.20103,0.259825,0.281065,0.195585,0.19987,0.18985000000000002,0.0591215,0.012987499999999999,0.0709385,0.12107000000000001,0.046962000000000004,0.067898,0.044,0.048918500000000004,0.05398,0.0411925,0.0859135,0.15404,0.0470425,0.080986,0.08205,0.074895,0.052919999999999995,0.041886,0.0569625,0.0821415,0.042955999999999994,0.035903,0.049953,0.049837,0.08007349999999999,0.028862,0.0281825,0.0260295,0.02818,0.0338285,0.034066,0.03994,0.030018999999999997,0.034977499999999995,0.034973000000000004,0.0399805,0.057748,0.028918,0.0360075,0.0419625,0.0579815,0.08387,0.056917999999999996,0.060958,0.060958,0.0408755,0.037725999999999996,0.037725999999999996,0.037725999999999996,0.0408435,0.037864999999999996,0.029984499999999997,0.0359745,0.036128,0.039949,0.048995,0.050096,0.056977,0.056917499999999996,0.05692,0.056917499999999996,0.0439055,0.0461395,0.050945500000000005,0.050945500000000005,0.050946,0.0559115,0.045885999999999996,0.092078,0.039857500000000004,0.0498485,0.0756955,0.048057,0.046920500000000004,0.032629,0.162555,0.0914875,0.111905,0.070025,0.0811195,0.17894,0.32417,0.045992000000000005,0.0629745,0.180735,0.16460999999999998,0.084901,0.0650445,0.097862,0.0247905,0.042162000000000005,0.0430785,0.066801,0.0690045,0.021999,0.038042,0.028133,0.07023599999999999,0.0631345,0.0280135,0.023013,0.027019,0.0700025,0.0200015,0.01402,0.07994599999999999,0.07203499999999999,0.118095,0.06790950000000001,0.09600800000000001,0.053098,0.0779455,0.0788745,0.067972,0.043757500000000005,0.044909000000000004,0.0499955,0.07492650000000001,0.108885,0.033955,0.0450605,0.06396299999999999,0.053088,0.0540575,0.043947,0.078992,0.029994,0.0220395,0.042004,0.0420035,0.042004,0.051968,0.107805,0.136055,0.061038999999999996,0.13201,0.17492000000000002,0.032971,0.050021499999999997,0.140895,0.041988,0.051972000000000004,0.059017,0.0789805,0.11978,0.0399925,0.06882250000000001,0.12090999999999999,0.125015,0.12246,0.051957500000000004,0.072968,0.059017,0.033935999999999994,0.042034,0.057916499999999996,0.06303049999999999,0.155,0.030955,0.351865,0.22295500000000001,0.218995,0.08995449999999999,0.6608149999999999,0.186815,0.524535,0.18006,0.22094000000000003,0.078984,0.14497500000000002,0.229855,0.25995999999999997,0.138805,0.20694,0.07301650000000001,0.11304,0.28188,0.259885,0.36877,0.352935,0.34088,0.21980499999999997,0.24096,0.229945,0.292905,0.179875,0.34062000000000003,0.35865,0.28658,0.329965,0.305855,0.24288500000000002,0.260975,0.279065,0.27666999999999997,0.40702499999999997,0.27686,0.23744,0.6048199999999999,0.34884499999999996,0.0609945,0.061062500000000006,0.068983,0.0659585,0.057883500000000004,0.068985,0.099832,0.07307150000000001,0.062995,0.0770075,0.15397,0.19093500000000002,0.2061,0.2126,0.057956499999999994,0.078984,0.146915,0.13878000000000001,0.039903499999999995,0.039911,0.0459145,0.0598465,0.0830075,0.151945,0.0939365,0.13298,0.120015,0.14296,0.14400000000000002,0.14400000000000002,0.046925999999999995,0.08099899999999999,0.019996,0.059995,0.0599965,0.0259855,0.033964,0.04,0.049005,0.08842449999999999,0.0755765,0.0788915,0.083943,0.47429,0.13647,0.019458499999999997,0.062144000000000005,0.056627,0.091708,0.0780895,0.0736185,0.161945,0.12668000000000001,0.024264,0.140685,0.6438250000000001,0.10147800000000001,0.18952000000000002,0.10335849999999999,0.0536905,0.159585,0.1022525,0.0746575,0.12955,0.78985,0.46991499999999997,0.65052,0.73981,0.67076,0.5999749999999999,0.7399199999999999,0.6402749999999999,0.759715,0.20192,0.3287,0.16105999999999998,0.176865,0.23502,0.18319000000000002,0.266175,0.10898,0.28896,0.20196999999999998,0.345915,0.0839915,0.23881,0.27192,0.426835,0.24596
620.0,0.106,0.049,0.095,0.06,0.153,0.101,0.082,0.068,0.22,0.053,0.247,0.06,0.052,0.068,0.06,0.289,0.018,0.08,0.066,0.026,0.051,0.03,0.061,0.025,0.09,0.066,0.047,0.055,0.045,0.036,0.042,0.035,0.035,0.07,0.048,0.051,0.042,0.031,0.037,0.068,0.103,0.123,0.074,0.053,0.015,0.026,0.035,0.025,0.068,0.033,0.028,0.108,0.101,0.164,0.229,0.252,0.273,0.135,0.148,0.169,0.208,0.264,0.288,0.21,0.215,0.2,0.06,0.013,0.071,0.127,0.05,0.071,0.045,0.05,0.056,0.045,0.09,0.161,0.049,0.082,0.087,0.079,0.052,0.041,0.058,0.088,0.045,0.039,0.05,0.047,0.083,0.027,0.032,0.028,0.032,0.038,0.038,0.039,0.031,0.035,0.035,0.04,0.056,0.03,0.038,0.043,0.06,0.085,0.059,0.062,0.062,0.04,0.036,0.036,0.036,0.04,0.04,0.029,0.035,0.039,0.042,0.051,0.053,0.057,0.057,0.057,0.057,0.045,0.048,0.051,0.051,0.051,0.054,0.045,0.091,0.036,0.047,0.072,0.052,0.046,0.028,0.174,0.085,0.103,0.064,0.085,0.18,0.328,0.046,0.064,0.175,0.159,0.092,0.068,0.104,0.027,0.045,0.044,0.058,0.073,0.024,0.04,0.032,0.077,0.072,0.03,0.025,0.03,0.079,0.021,0.016,0.086,0.079,0.125,0.065,0.098,0.053,0.065,0.07,0.066,0.038,0.042,0.048,0.074,0.108,0.032,0.045,0.064,0.056,0.057,0.046,0.081,0.03,0.025,0.043,0.043,0.043,0.052,0.111,0.149,0.062,0.134,0.175,0.033,0.051,0.145,0.043,0.051,0.06,0.08,0.121,0.04,0.071,0.134,0.138,0.13,0.055,0.074,0.06,0.034,0.047,0.06,0.065,0.17,0.055,0.361,0.231,0.219,0.091,0.669,0.191,0.541,0.188,0.234,0.079,0.147,0.241,0.275,0.142,0.209,0.076,0.117,0.289,0.261,0.379,0.365,0.352,0.225,0.248,0.237,0.3,0.189,0.352,0.37,0.294,0.339,0.312,0.254,0.263,0.283,0.287,0.32,0.284,0.25,0.61,0.361,0.063,0.065,0.071,0.068,0.06,0.072,0.105,0.078,0.067,0.081,0.161,0.199,0.213,0.218,0.059,0.08,0.151,0.141,0.041,0.041,0.049,0.062,0.086,0.154,0.095,0.137,0.125,0.143,0.142,0.142,0.049,0.083,0.02,0.06,0.06,0.026,0.034,0.04,0.049,0.089,0.089,0.089,0.085,0.493,0.15,0.023,0.064,0.058,0.094,0.078,0.079,0.17,0.131,0.025,0.141,0.651,0.11,0.215,0.104,0.055,0.162,0.107,0.081,0.116,0.785,0.47,0.62,0.66,0.67,0.6,0.74,0.64,0.76,0.204,0.342,0.166,0.184,0.234,0.18,0.266,0.111,0.29,0.203,0.347,0.084,0.242,0.272,0.429,0.249
630.0,0.10483500000000001,0.049862000000000004,0.09178,0.058860499999999996,0.15045,0.10171,0.078874,0.06506100000000001,0.21061000000000002,0.0507315,0.253305,0.060798000000000005,0.049923499999999996,0.06685250000000001,0.0624075,0.2983,0.0179485,0.0787795,0.064823,0.025684,0.0507945,0.0309115,0.062904,0.024911000000000003,0.09081700000000001,0.0697455,0.043049000000000004,0.0519415,0.0449035,0.038822,0.0351685,0.035981,0.03401,0.07080700000000001,0.0488955,0.053848,0.046749,0.0299195,0.0398385,0.07376550000000001,0.100772,0.12267,0.0750345,0.053108,0.0149865,0.0268055,0.032886,0.0269055,0.0708805,0.034883,0.026959,0.10999500000000001,0.09964100000000001,0.171545,0.23444500000000001,0.260255,0.28215999999999997,0.14257999999999998,0.15644,0.175565,0.21534999999999999,0.27025,0.29229499999999997,0.22711,0.221415,0.20847,0.0564555,0.0139265,0.070782,0.12967499999999998,0.0509385,0.07479549999999999,0.044921,0.05073,0.056738,0.049882499999999996,0.0947035,0.17041,0.049988,0.08379149999999999,0.09068200000000001,0.08283,0.0518835,0.0447825,0.0598775,0.096637,0.046877,0.0398765,0.0499105,0.047850500000000004,0.08678949999999999,0.0259885,0.0349115,0.029829500000000002,0.034875500000000004,0.0582935,0.0398345,0.039929,0.032888,0.037767,0.0377085,0.041859,0.057898000000000005,0.0309595,0.039002,0.046772,0.0627805,0.088602,0.060975,0.06772449999999999,0.06772449999999999,0.038844500000000004,0.0358935,0.0358935,0.0358935,0.0388425,0.041888499999999995,0.029843500000000002,0.035864999999999994,0.0398695,0.046789,0.05670650000000001,0.050008,0.055949,0.061675,0.0616745,0.061675,0.042013999999999996,0.0449695,0.0507885,0.0508005,0.0508005,0.057718500000000006,0.045954499999999995,0.08125450000000001,0.039784,0.0498645,0.075757,0.049243999999999996,0.0496735,0.030851500000000004,0.17626999999999998,0.09739,0.083578,0.0562245,0.09114900000000001,0.183415,0.31720000000000004,0.0458955,0.0670385,0.16196,0.127755,0.09661600000000001,0.0690925,0.1043155,0.029917,0.048766500000000004,0.0429675,0.051739,0.0750545,0.026082,0.039052500000000004,0.031034,0.084179,0.0803885,0.0329265,0.02783,0.031041,0.088713,0.021998499999999997,0.017917500000000003,0.084802,0.075904,0.141435,0.069607,0.100561,0.0548285,0.054072999999999996,0.05912,0.061935000000000004,0.036781499999999995,0.0360065,0.046896499999999994,0.072735,0.104645,0.0289175,0.0409715,0.060947,0.058812,0.058789,0.0478625,0.0821355,0.0298895,0.023929,0.041067,0.041067,0.041067,0.050871,0.12046,0.161665,0.06389500000000001,0.1385,0.177435,0.0329045,0.050894,0.139775,0.0438205,0.049904500000000004,0.060818,0.0807655,0.11965,0.0408965,0.0718455,0.148425,0.14961000000000002,0.139635,0.065599,0.07674500000000001,0.060903,0.034846,0.045851,0.061949000000000004,0.061966,0.184465,0.0609585,0.36990999999999996,0.23726000000000003,0.218435,0.09174650000000001,0.673225,0.19638,0.5572550000000001,0.189405,0.253045,0.073958,0.148585,0.254205,0.289065,0.14454,0.212455,0.0778095,0.11965999999999999,0.294215,0.25936000000000003,0.38800999999999997,0.373975,0.362005,0.231355,0.250485,0.24046,0.30417,0.19741,0.36287,0.37897000000000003,0.3011,0.344145,0.318,0.26323,0.26529,0.285225,0.301955,0.42095,0.293075,0.261755,0.613555,0.37288,0.0647485,0.0668475,0.072802,0.0698075,0.0608755,0.07572400000000001,0.11061,0.0797985,0.070756,0.08569299999999999,0.16562,0.20735,0.21909499999999998,0.22001500000000002,0.059815,0.0797935,0.151615,0.144505,0.0418935,0.041894,0.0498515,0.063779,0.0887805,0.15659,0.089946,0.14159,0.129655,0.14361000000000002,0.13974,0.13974,0.0498085,0.08476,0.019949500000000002,0.0598245,0.059849,0.026917,0.0339365,0.039899500000000004,0.046898499999999996,0.089749,0.12136,0.0964495,0.086732,0.51736,0.156105,0.0247825,0.065866,0.059765,0.0976185,0.076736,0.08848400000000001,0.17742000000000002,0.136465,0.026724499999999998,0.14167,0.65953,0.11221,0.231155,0.10744500000000001,0.056809,0.16745,0.10962,0.0865885,0.11126,0.778065,0.468815,0.57929,0.619675,0.678445,0.5983700000000001,0.7283,0.63841,0.75807,0.20852500000000002,0.352435,0.16856,0.18843500000000002,0.23350500000000002,0.18248,0.26339999999999997,0.11468,0.289265,0.20254,0.34614,0.0837885,0.24522,0.27029000000000003,0.422965,0.25036
640.0,0.104,0.051,0.09,0.059,0.143,0.102,0.078,0.069,0.205,0.042,0.261,0.061,0.05,0.066,0.053,0.315,0.017,0.078,0.065,0.022,0.054,0.033,0.069,0.025,0.095,0.072,0.047,0.045,0.045,0.044,0.039,0.043,0.037,0.072,0.054,0.061,0.052,0.03,0.044,0.081,0.102,0.123,0.084,0.06,0.016,0.026,0.032,0.029,0.076,0.037,0.027,0.12,0.098,0.181,0.244,0.27,0.291,0.15,0.163,0.182,0.225,0.28,0.3,0.239,0.227,0.218,0.07,0.015,0.071,0.133,0.055,0.081,0.049,0.053,0.06,0.058,0.102,0.179,0.056,0.087,0.095,0.09,0.055,0.05,0.067,0.11,0.049,0.041,0.054,0.054,0.094,0.029,0.04,0.032,0.04,0.045,0.045,0.049,0.038,0.042,0.043,0.051,0.068,0.035,0.045,0.052,0.07,0.095,0.069,0.072,0.072,0.041,0.04,0.04,0.04,0.041,0.05,0.031,0.039,0.044,0.054,0.066,0.054,0.062,0.068,0.068,0.068,0.046,0.049,0.055,0.055,0.055,0.06,0.051,0.084,0.044,0.056,0.084,0.056,0.051,0.065,0.045,0.055,0.06,0.058,0.109,0.21,0.028,0.046,0.053,0.06,0.025,0.022,0.054,0.018,0.031,0.05,0.045,0.05,0.083,0.037,0.04,0.033,0.077,0.08,0.037,0.029,0.037,0.101,0.025,0.019,0.082,0.076,0.157,0.072,0.1,0.057,0.05,0.056,0.062,0.036,0.035,0.049,0.071,0.1,0.027,0.04,0.059,0.061,0.061,0.05,0.094,0.031,0.023,0.044,0.044,0.044,0.049,0.131,0.182,0.069,0.142,0.181,0.034,0.053,0.138,0.043,0.05,0.063,0.083,0.121,0.044,0.075,0.161,0.163,0.154,0.071,0.079,0.065,0.035,0.044,0.071,0.065,0.2,0.064,0.379,0.241,0.219,0.092,0.681,0.202,0.571,0.188,0.27,0.073,0.151,0.267,0.299,0.146,0.218,0.08,0.121,0.301,0.259,0.4,0.384,0.373,0.238,0.257,0.247,0.308,0.205,0.371,0.388,0.308,0.351,0.322,0.272,0.268,0.287,0.313,0.431,0.3,0.284,0.625,0.385,0.064,0.069,0.075,0.072,0.063,0.078,0.115,0.082,0.073,0.089,0.173,0.215,0.225,0.111,0.06,0.08,0.153,0.146,0.043,0.043,0.05,0.065,0.093,0.161,0.09,0.147,0.135,0.145,0.142,0.142,0.049,0.086,0.02,0.059,0.06,0.028,0.034,0.04,0.045,0.09,0.158,0.1,0.088,0.535,0.163,0.028,0.068,0.061,0.1,0.076,0.092,0.183,0.14,0.028,0.142,0.669,0.116,0.241,0.113,0.061,0.171,0.113,0.092,0.095,0.775,0.47,0.55,0.64,0.7,0.6,0.72,0.64,0.76,0.217,0.352,0.171,0.191,0.236,0.186,0.263,0.12,0.29,0.204,0.346,0.084,0.245,0.269,0.42,0.253
650.0,0.09070349999999999,0.049932500000000005,0.0827735,0.056691000000000005,0.13549,0.09708449999999999,0.0730995,0.0672645,0.19418000000000002,0.034749,0.25821500000000003,0.057687,0.0471235,0.062488499999999995,0.0471375,0.316625,0.014482499999999999,0.0730935,0.0633775,0.029397,0.066663,0.0363345,0.0728035,0.0258645,0.09592500000000001,0.0710365,0.056269,0.0367375,0.04324,0.0543005,0.046743,0.050596,0.039269,0.071033,0.061147999999999994,0.07065350000000001,0.060139,0.0325155,0.0506045,0.08710100000000001,0.104476,0.11911,0.0872475,0.059562,0.016305,0.028657000000000002,0.034428,0.030645,0.0758325,0.0374095,0.025945,0.119085,0.095068,0.181355,0.243745,0.268715,0.28796,0.14878999999999998,0.164035,0.175845,0.23008499999999998,0.28017000000000003,0.294765,0.23707999999999999,0.220915,0.21322,0.073855,0.017185,0.0709865,0.130585,0.0574925,0.08525150000000001,0.0563375,0.06476799999999999,0.073348,0.06593500000000001,0.1091245,0.181265,0.060315499999999994,0.086384,0.10053000000000001,0.0929865,0.059327,0.0572965,0.0764215,0.12884,0.0480185,0.0421685,0.0602195,0.0657645,0.099594,0.0334245,0.0467725,0.039057999999999995,0.049538,0.056870500000000004,0.058952500000000005,0.06652,0.0476165,0.0532905,0.0616345,0.071205,0.08201649999999999,0.0391955,0.0506675,0.061063,0.0839105,0.109764,0.073744,0.0710485,0.0710485,0.051398,0.048609,0.048609,0.048609,0.0513975,0.0656265,0.0353235,0.0457945,0.055219,0.064845,0.08376549999999999,0.063916,0.0725365,0.08013,0.08013,0.08013,0.0553055,0.06279850000000001,0.0703975,0.0694755,0.06947600000000001,0.0604245,0.053656,0.08353050000000001,0.047833,0.060307,0.09183450000000001,0.056649,0.054533,0.079367,0.0428555,0.05699,0.057468000000000005,0.053922,0.11134250000000001,0.202025,0.0185385,0.043278,0.058149,0.06036,0.027698,0.022232000000000002,0.059106500000000006,0.017363,0.029794,0.0498885,0.0469475,0.064625,0.079824,0.050399,0.033839,0.0344975,0.0794265,0.084216,0.038348,0.0306335,0.0420595,0.110963,0.025891,0.019184,0.07508100000000001,0.078567,0.162945,0.074717,0.0997595,0.057549,0.0461825,0.051959,0.0632695,0.0401105,0.039164,0.053555,0.070969,0.0969675,0.028696,0.042122,0.052071,0.060469499999999995,0.0650805,0.049901,0.09596450000000001,0.0353265,0.0248595,0.044155,0.044155,0.044155,0.0443005,0.143455,0.19439499999999998,0.070951,0.14290999999999998,0.18223,0.036365499999999995,0.055554,0.133515,0.041305499999999995,0.048045,0.0660815,0.0852985,0.125495,0.047834,0.0757775,0.16584500000000002,0.165935,0.160065,0.069164,0.077763,0.0671,0.035471,0.0450295,0.080284,0.07171,0.203345,0.061524999999999996,0.37344,0.23435,0.21135,0.0874755,0.662685,0.2015,0.5616300000000001,0.18247000000000002,0.27613,0.0710675,0.148795,0.26585,0.29196,0.142135,0.21319,0.0778065,0.115345,0.294795,0.24793500000000002,0.39088,0.377335,0.365845,0.23149,0.24975999999999998,0.24107,0.29781,0.20163,0.36113,0.37563,0.301515,0.34007,0.31494,0.26786,0.258445,0.276695,0.30726,0.41752,0.2929,0.27122,0.6079950000000001,0.38199,0.06056,0.06723699999999999,0.073923,0.07104,0.061473,0.07680100000000001,0.1142085,0.08157249999999999,0.0710755,0.0882995,0.171815,0.213085,0.09827250000000001,0.10556650000000001,0.05764999999999999,0.0777915,0.148865,0.141205,0.0413245,0.0413245,0.0480415,0.0643045,0.093078,0.15933999999999998,0.088334,0.146815,0.13344,0.141175,0.14015,0.14015,0.047071,0.0826395,0.0192175,0.055760000000000004,0.0576515,0.027833000000000004,0.030826,0.038434499999999996,0.042303,0.08832100000000001,0.17972,0.097011,0.085482,0.5316799999999999,0.16493,0.0278365,0.0644325,0.060459,0.09978,0.07301350000000001,0.090248,0.180475,0.140065,0.029664000000000003,0.13552,0.648425,0.11513499999999999,0.23714999999999997,0.116895,0.060481999999999994,0.169855,0.11412699999999999,0.09487799999999999,0.0865195,0.7400249999999999,0.451605,0.49141,0.6520699999999999,0.6912050000000001,0.585735,0.682535,0.61495,0.730255,0.21318,0.354775,0.165245,0.18445499999999998,0.224935,0.182425,0.25178,0.12086999999999999,0.27957,0.19510499999999997,0.32876,0.0807125,0.23355,0.257535,0.40537999999999996,0.24496
660.0,0.0,0.0,0.0,0.0,0.0,0.0,0.0,0.0,0.0,0.0,0.0,0.0,0.0,0.0,0.0,0.0,0.0,0.0,0.0,0.0,0.0,0.0,0.0,0.0,0.0,0.0,0.0,0.0,0.0,0.0,0.0,0.0,0.0,0.0,0.0,0.0,0.0,0.0,0.0,0.0,0.0,0.0,0.0,0.0,0.0,0.0,0.0,0.0,0.0,0.0,0.0,0.0,0.0,0.0,0.0,0.0,0.0,0.0,0.0,0.0,0.0,0.0,0.0,0.0,0.0,0.0,0.0,0.0,0.0,0.0,0.0,0.0,0.0,0.0,0.0,0.0,0.0,0.0,0.0,0.0,0.0,0.0,0.0,0.0,0.0,0.0,0.0,0.0,0.0,0.0,0.0,0.0,0.0,0.0,0.0,0.0,0.0,0.0,0.0,0.0,0.0,0.0,0.0,0.0,0.0,0.0,0.0,0.0,0.0,0.0,0.0,0.0,0.0,0.0,0.0,0.0,0.0,0.0,0.0,0.0,0.0,0.0,0.0,0.0,0.0,0.0,0.0,0.0,0.0,0.0,0.0,0.0,0.0,0.0,0.0,0.0,0.0,0.0,0.0,0.0,0.0,0.0,0.0,0.0,0.0,0.0,0.0,0.0,0.0,0.0,0.0,0.0,0.0,0.0,0.0,0.0,0.0,0.0,0.0,0.0,0.0,0.0,0.0,0.0,0.0,0.0,0.0,0.0,0.0,0.0,0.0,0.0,0.0,0.0,0.0,0.0,0.0,0.0,0.0,0.0,0.0,0.0,0.0,0.0,0.0,0.0,0.0,0.0,0.0,0.0,0.0,0.0,0.0,0.0,0.0,0.0,0.0,0.0,0.0,0.0,0.0,0.0,0.0,0.0,0.0,0.0,0.0,0.0,0.0,0.0,0.0,0.0,0.0,0.0,0.0,0.0,0.0,0.0,0.0,0.0,0.0,0.0,0.0,0.0,0.0,0.0,0.0,0.0,0.0,0.0,0.0,0.0,0.0,0.0,0.0,0.0,0.0,0.0,0.0,0.0,0.0,0.0,0.0,0.0,0.0,0.0,0.0,0.0,0.0,0.0,0.0,0.0,0.0,0.0,0.0,0.0,0.0,0.0,0.0,0.0,0.0,0.0,0.0,0.0,2.2204e-16,0.0,0.0,0.0,0.0,0.0,0.0,0.0,0.0,0.0,0.0,0.0,0.0,0.0,0.0,0.0,0.0,0.0,0.0,0.0,0.0,0.0,0.0,0.0,0.0,0.0,0.0,0.0,0.0,0.0,0.0,0.0,0.0,0.0,0.0,0.0,0.0,0.0,0.0,0.0,0.0,0.0,0.0,0.0,0.0,0.0,0.0,0.0,0.0,0.0,0.0,0.0,0.0,0.0,0.0,0.0,0.0,0.0,0.0,0.0,0.0,0.0,0.0,0.0,0.0,0.0,2.2204e-16,0.0,0.0,0.0,0.0,0.0,2.2204e-16,0.0,0.0,0.0,0.0,0.0,0.0,0.0,0.0,0.0,0.0,0.0,0.0,0.0,0.0,0.0,0.0,0.0,0.0
670.0,0.00106005,0.0006057,0.0009867,0.0006844,0.00163545,0.00116875,0.00087575,0.0008113,0.00233705,0.000405755,0.00314065,0.00069325,0.0005651,0.00075145,0.00056495,0.0038633,0.000168575,0.0008763,0.00076875,0.000390885,0.0008592,0.000454805,0.0008988,0.000319435,0.00117245,0.00086365,0.0007175,0.000423395,0.0005219,0.00069805,0.0005949,0.00064045,0.00048535,0.00086395,0.0007696,0.00089365,0.0007619,0.00040659,0.00064,0.0010819,0.00128495,0.00144155,0.00107,0.00071955,0.00019948,0.00036151,0.000430585,0.00037922,0.00092205,0.000457405,0.000313055,0.00144275,0.00115335,0.0022112,0.00297095,0.00327325,0.0035031,0.00180915,0.0020051,0.002122,0.0028246,0.00341845,0.0035779,0.00288445,0.0026741,0.00258175,0.00090235,0.00021752,0.00086775,0.0015848,0.0007083,0.00105305,0.0007121,0.00083395,0.0009437,0.0008288,0.00135485,0.0022187,0.0007477,0.00105125,0.0012464,0.0011419,0.00073855,0.0007239,0.000963,0.00163455,0.0005818,0.000519,0.00075545,0.00084245,0.0012324,0.00042208,0.0005926,0.00050225,0.00063675,0.0007598,0.0007681,0.00087005,0.00061355,0.00069045,0.0008189,0.00093755,0.00104585,0.00049113,0.0006348,0.0007764,0.0010715,0.00139205,0.0009118,0.0008626,0.0008626,0.000665,0.00062265,0.00062265,0.00062265,0.00066505,0.0008532,0.00044729,0.00058255,0.000713,0.0008275,0.0010829,0.00081345,0.0009199,0.00102025,0.00102025,0.00102025,0.0007061,0.0008143,0.00091415,0.00089945,0.00089945,0.00073945,0.0006613,0.00101385,0.00059645,0.0007484,0.0011454,0.00068705,0.00067995,0.00099045,0.00065215,0.0007528,0.00071225,0.0006402,0.0013535,0.0024142,0.00048736,0.0005189,0.0007458,0.0008414,0.000445995,0.00035099,0.00075765,0.000299045,0.000358975,0.00060925,0.0005789,0.00084555,0.0009564,0.00065575,0.00038931,0.000424815,0.00098945,0.00104805,0.000470565,0.00038026,0.00052725,0.00138405,0.000317095,0.00023462,0.0008944,0.0009689,0.00200335,0.00092305,0.00122025,0.00070405,0.0005521,0.0006207,0.00077725,0.0005068,0.000493935,0.00066955,0.00086925,0.0011783,0.000358435,0.00052275,0.0006119,0.00073585,0.0008092,0.00060815,0.0011688,0.00044702,0.00031139,0.00053685,0.00053685,0.00053685,0.00052575,0.0017929,0.0024057,0.00087015,0.0017487,0.0022302,0.000452415,0.00068665,0.00161595,0.000499815,0.00057985,0.00081755,0.00104955,0.0015497,0.0005964,0.00092655,0.0020369,0.00202915,0.00196805,0.00083645,0.0009448,0.0008244,0.000435665,0.00055575,0.0010077,0.00089785,0.00248665,0.00073975,0.0045387,0.00283845,0.0025551,0.0010527,0.008028,0.00245795,0.006823,0.00221195,0.0033873,0.00086125,0.00180915,0.00323695,0.0035371,0.0017228,0.0025843,0.00094135,0.00138855,0.00357595,0.00299035,0.0047357,0.004581,0.00443815,0.00280135,0.0030207,0.00291965,0.00360055,0.00244735,0.00437365,0.00454015,0.0036577,0.0041117,0.0038223,0.0032533,0.00312245,0.00334355,0.00372865,0.0050845,0.0035505,0.00324905,0.0073605,0.00465045,0.0007289,0.0008137,0.0008981,0.0008633,0.00074405,0.0009333,0.0013907,0.00099385,0.00086055,0.00107495,0.00209005,0.0025928,0.0007223,0.0013839,0.0006962,0.00094265,0.00180345,0.00170835,0.000498185,0.00049818,0.0005801,0.000783,0.00113485,0.0019384,0.0010723,0.00179025,0.00162155,0.00171085,0.00170405,0.00170405,0.0005694,0.0009971,0.000232005,0.00067055,0.000696,0.000338905,0.000365,0.000464005,0.0005085,0.0010734,0.00225145,0.0011746,0.0010351,0.006476,0.0020219,0.000338565,0.0007727,0.00073675,0.0012181,0.0008827,0.0010963,0.0021936,0.00171105,0.000369365,0.00163235,0.007842,0.0014055,0.00287925,0.0014412,0.0007347,0.00207025,0.0013974,0.0011677,0.00104205,0.00892,0.005452,0.005809,0.0079905,0.0083995,0.007107,0.008211,0.007424,0.008816,0.00258515,0.0043518,0.00199705,0.0022295,0.0027066,0.00221465,0.00303645,0.0014769,0.0033787,0.00235085,0.0039556,0.0009744,0.00281425,0.0031072,0.00490365,0.0029629
680.0,0.0,0.0,0.0,0.0,0.0,0.0,0.0,0.0,0.0,0.0,0.0,0.0,0.0,0.0,0.0,0.0,0.0,0.0,0.0,0.0,0.0,0.0,0.0,0.0,0.0,0.0,0.0,0.0,0.0,0.0,0.0,0.0,0.0,0.0,0.0,0.0,0.0,0.0,0.0,0.0,0.0,0.0,0.0,0.0,0.0,0.0,0.0,0.0,0.0,0.0,0.0,0.0,0.0,0.0,0.0,0.0,0.0,0.0,0.0,0.0,0.0,0.0,0.0,0.0,0.0,0.0,0.0,0.0,0.0,0.0,0.0,0.0,0.0,0.0,0.0,0.0,0.0,0.0,0.0,0.0,0.0,0.0,0.0,0.0,0.0,0.0,0.0,0.0,0.0,0.0,0.0,0.0,0.0,0.0,0.0,0.0,0.0,0.0,0.0,0.0,0.0,0.0,0.0,0.0,0.0,0.0,0.0,0.0,0.0,0.0,0.0,0.0,0.0,0.0,0.0,0.0,0.0,0.0,0.0,0.0,0.0,0.0,0.0,0.0,0.0,0.0,0.0,0.0,0.0,0.0,0.0,0.0,0.0,0.0,0.0,0.0,0.0,0.0,0.0,0.0,0.0,0.0,0.0,0.0,0.0,0.0,0.0,0.0,0.0,0.0,0.0,0.0,0.0,0.0,0.0,0.0,0.0,0.0,0.0,0.0,0.0,0.0,0.0,0.0,0.0,0.0,0.0,0.0,0.0,0.0,0.0,0.0,0.0,0.0,0.0,0.0,0.0,0.0,0.0,0.0,0.0,0.0,0.0,0.0,0.0,0.0,0.0,0.0,0.0,0.0,0.0,0.0,0.0,0.0,0.0,0.0,0.0,0.0,0.0,0.0,0.0,0.0,0.0,0.0,0.0,0.0,0.0,0.0,0.0,0.0,0.0,0.0,0.0,0.0,0.0,0.0,0.0,0.0,0.0,0.0,0.0,0.0,0.0,0.0,0.0,0.0,0.0,0.0,0.0,0.0,0.0,0.0,0.0,0.0,0.0,0.0,0.0,0.0,0.0,0.0,0.0,0.0,0.0,0.0,0.0,0.0,0.0,0.0,0.0,0.0,0.0,0.0,0.0,0.0,0.0,0.0,0.0,0.0,0.0,0.0,0.0,0.0,0.0,0.0,0.0,0.0,0.0,0.0,0.0,0.0,0.0,0.0,0.0,0.0,0.0,0.0,0.0,0.0,0.0,0.0,0.0,0.0,0.0,0.0,0.0,0.0,0.0,0.0,0.0,0.0,0.0,0.0,0.0,0.0,0.0,0.0,0.0,0.0,0.0,0.0,0.0,0.0,0.0,0.0,0.0,0.0,0.0,0.0,0.0,0.0,0.0,0.0,0.0,0.0,0.0,0.0,0.0,0.0,0.0,0.0,0.0,0.0,0.0,0.0,0.0,0.0,0.0,0.0,0.0,0.0,0.0,0.0,0.0,0.0,0.0,0.0,0.0,0.0,0.0,0.0,0.0,0.0,0.0,0.0,0.0,0.0,0.0,0.0,0.0,0.0,0.0,0.0,0.0,0.0,0.0
690.0,7.611e-05,4.34865e-05,7.084e-05,4.9136e-05,0.00011742,8.391e-05,6.2875e-05,5.825e-05,0.000167795,2.91315e-05,0.00022549,4.97735e-05,4.0573e-05,5.3955e-05,4.05625e-05,0.000277375,1.2103e-05,6.2915e-05,5.5195e-05,2.80645e-05,6.169e-05,3.26535e-05,6.453e-05,2.29345e-05,8.418e-05,6.201e-05,5.1515e-05,3.03985e-05,3.74705e-05,5.012e-05,4.27105e-05,4.5982e-05,3.48465e-05,6.203e-05,5.5255e-05,6.416e-05,5.47e-05,2.9192e-05,4.59505e-05,7.7675e-05,9.2255e-05,0.0001035,7.682e-05,5.166e-05,1.4322e-05,2.59555e-05,3.09145e-05,2.72265e-05,6.62e-05,3.284e-05,2.24765e-05,0.000103585,8.2805e-05,0.000158755,0.000213305,0.00023501,0.00025151,0.00012989,0.00014396,0.000152355,0.000202795,0.000245435,0.000256885,0.000207095,0.000191995,0.00018536,6.4785e-05,1.5617e-05,6.23e-05,0.000113785,5.0855e-05,7.5605e-05,5.1125e-05,5.9875e-05,6.7755e-05,5.9505e-05,9.7275e-05,0.000159295,5.368e-05,7.5475e-05,8.9485e-05,8.1985e-05,5.3025e-05,5.1975e-05,6.914e-05,0.000117355,4.17725e-05,3.7264e-05,5.424e-05,6.0485e-05,8.848e-05,3.0304e-05,4.25485e-05,3.606e-05,4.57165e-05,5.4555e-05,5.515e-05,6.247e-05,4.40495e-05,4.95725e-05,5.8795e-05,6.7315e-05,7.509e-05,3.52615e-05,4.5577e-05,5.574e-05,7.693e-05,9.9945e-05,6.5465e-05,6.193e-05,6.193e-05,4.7746e-05,4.4705e-05,4.4705e-05,4.4705e-05,4.7747e-05,6.126e-05,3.2114e-05,4.18255e-05,5.1195e-05,5.9415e-05,7.775e-05,5.8405e-05,6.6045e-05,7.325e-05,7.325e-05,7.325e-05,5.0695e-05,5.8465e-05,6.5635e-05,6.4575e-05,6.4575e-05,5.309e-05,4.7479e-05,7.279e-05,4.2822e-05,5.3735e-05,8.224e-05,4.9328e-05,4.882e-05,7.111e-05,4.6821e-05,5.4045e-05,5.1135e-05,4.5966e-05,9.7175e-05,0.00017333,3.4991e-05,3.7255e-05,5.3545e-05,6.041e-05,3.2021e-05,2.52e-05,5.44e-05,2.14705e-05,2.5773e-05,4.37435e-05,4.15615e-05,6.071e-05,6.8665e-05,4.70795e-05,2.7951e-05,3.05005e-05,7.104e-05,7.5245e-05,3.3785e-05,2.73015e-05,3.78545e-05,9.937e-05,2.27665e-05,1.6845e-05,6.4215e-05,6.956e-05,0.00014383,6.627e-05,8.761e-05,5.055e-05,3.96385e-05,4.45655e-05,5.5805e-05,3.6388e-05,3.5463e-05,4.80725e-05,6.241e-05,8.46e-05,2.57345e-05,3.75325e-05,4.39315e-05,5.283e-05,5.8095e-05,4.36615e-05,8.3915e-05,3.20945e-05,2.2357e-05,3.85435e-05,3.85435e-05,3.85435e-05,3.7746e-05,0.000128725,0.00017272,6.2475e-05,0.00012555,0.00016012,3.2482e-05,4.92975e-05,0.00011602,3.5885e-05,4.16305e-05,5.87e-05,7.5355e-05,0.00011126,4.2818e-05,6.6525e-05,0.00014624,0.000145685,0.0001413,6.0055e-05,6.7835e-05,5.919e-05,3.1279e-05,3.99005e-05,7.235e-05,6.446e-05,0.000178535,5.311e-05,0.000325865,0.00020379,0.00018345,7.558e-05,0.0005764,0.00017647,0.00048987,0.00015881,0.000243195,6.1835e-05,0.00012989,0.000232405,0.000253955,0.00012369,0.000185545,6.7585e-05,9.969e-05,0.00025674,0.000214695,0.000340005,0.0003289,0.000318645,0.00020113,0.00021688,0.00020962,0.00025851,0.000175715,0.000314015,0.00032597,0.00026261,0.000295205,0.00027443,0.000233575,0.00022418,0.000240055,0.000267705,0.00036506,0.000254915,0.00023327,0.00052845,0.00033389,5.233e-05,5.842e-05,6.448e-05,6.1985e-05,5.342e-05,6.701e-05,9.9845e-05,7.1355e-05,6.1785e-05,7.718e-05,0.00015006,0.000186155,5.186e-05,9.936e-05,4.99845e-05,6.768e-05,0.000129485,0.000122655,3.5768e-05,3.5768e-05,4.1651e-05,5.6215e-05,8.1475e-05,0.00013917,7.699e-05,0.000128535,0.00011642,0.00012283,0.000122345,0.000122345,4.0881e-05,7.159e-05,1.6657e-05,4.8142e-05,4.9971e-05,2.4332e-05,2.6206e-05,3.3314e-05,3.651e-05,7.7065e-05,0.00016165,8.433e-05,7.4315e-05,0.00046495,0.000145165,2.4308e-05,5.548e-05,5.2895e-05,8.7455e-05,6.3375e-05,7.871e-05,0.000157495,0.000122845,2.65195e-05,0.0001172,0.00056305,0.00010091,0.00020672,0.000103475,5.275e-05,0.00014864,0.00010033,8.384e-05,7.4815e-05,0.0006404,0.00039144,0.00041707,0.0005737,0.00060305,0.00051025,0.00058955,0.000533,0.00063295,0.000185605,0.000312445,0.000143385,0.00016007,0.000194325,0.000159005,0.000218005,0.000106035,0.00024258,0.000168785,0.000284,6.996e-05,0.000202055,0.000223085,0.000352065,0.000212725
700.0,0.0,0.0,0.0,0.0,0.0,0.0,0.0,0.0,0.0,0.0,0.0,0.0,0.0,0.0,0.0,0.0,0.0,0.0,0.0,0.0,0.0,0.0,0.0,0.0,0.0,0.0,0.0,0.0,0.0,0.0,0.0,0.0,0.0,0.0,0.0,0.0,0.0,0.0,0.0,0.0,0.0,0.0,0.0,0.0,0.0,0.0,0.0,0.0,0.0,0.0,0.0,0.0,0.0,0.0,0.0,0.0,0.0,0.0,0.0,0.0,0.0,0.0,0.0,0.0,0.0,0.0,0.0,0.0,0.0,0.0,0.0,0.0,0.0,0.0,0.0,0.0,0.0,0.0,0.0,0.0,0.0,0.0,0.0,0.0,0.0,0.0,0.0,0.0,0.0,0.0,0.0,0.0,0.0,0.0,0.0,0.0,0.0,0.0,0.0,0.0,0.0,0.0,0.0,0.0,0.0,0.0,0.0,0.0,0.0,0.0,0.0,0.0,0.0,0.0,0.0,0.0,0.0,0.0,0.0,0.0,0.0,0.0,0.0,0.0,0.0,0.0,0.0,0.0,0.0,0.0,0.0,0.0,0.0,0.0,0.0,0.0,0.0,0.0,0.0,0.0,0.0,0.0,0.0,0.0,0.0,0.0,0.0,0.0,0.0,0.0,0.0,0.0,0.0,0.0,0.0,0.0,0.0,0.0,0.0,0.0,0.0,0.0,0.0,0.0,0.0,0.0,0.0,0.0,0.0,0.0,0.0,0.0,0.0,0.0,0.0,0.0,0.0,0.0,0.0,0.0,0.0,0.0,0.0,0.0,0.0,0.0,0.0,0.0,0.0,0.0,0.0,0.0,0.0,0.0,0.0,0.0,0.0,0.0,0.0,0.0,0.0,0.0,0.0,0.0,0.0,0.0,0.0,0.0,0.0,0.0,0.0,0.0,0.0,0.0,0.0,0.0,0.0,0.0,0.0,0.0,0.0,0.0,0.0,0.0,0.0,0.0,0.0,0.0,0.0,0.0,0.0,0.0,0.0,0.0,0.0,0.0,0.0,0.0,0.0,0.0,0.0,0.0,0.0,0.0,0.0,0.0,0.0,0.0,0.0,0.0,0.0,0.0,0.0,0.0,0.0,0.0,0.0,0.0,0.0,0.0,0.0,0.0,0.0,0.0,0.0,0.0,0.0,0.0,0.0,0.0,0.0,0.0,0.0,0.0,0.0,0.0,0.0,0.0,0.0,0.0,0.0,0.0,0.0,0.0,0.0,0.0,0.0,0.0,0.0,0.0,0.0,0.0,0.0,0.0,0.0,0.0,0.0,0.0,0.0,0.0,0.0,0.0,0.0,0.0,0.0,0.0,0.0,0.0,0.0,0.0,0.0,0.0,0.0,0.0,0.0,0.0,0.0,0.0,0.0,0.0,0.0,0.0,0.0,0.0,0.0,0.0,0.0,0.0,0.0,0.0,0.0,0.0,0.0,0.0,0.0,0.0,0.0,0.0,0.0,0.0,0.0,0.0,0.0,0.0,0.0,0.0,0.0,0.0,0.0,0.0,0.0,0.0,0.0,0.0,0.0
710.0,5.4645e-06,3.1222e-06,5.086e-06,3.5278e-06,8.4305e-06,6.0245e-06,4.51435e-06,4.18205e-06,1.2047e-05,2.09155e-06,1.61895e-05,3.57355e-06,2.913e-06,3.87365e-06,2.91225e-06,1.99145e-05,8.6895e-07,4.51715e-06,3.96275e-06,2.01495e-06,4.42905e-06,2.3444e-06,4.63305e-06,1.6466e-06,6.0435e-06,4.452e-06,3.69855e-06,2.1825e-06,2.6903e-06,3.59835e-06,3.06645e-06,3.30135e-06,2.5019e-06,4.4534e-06,3.96705e-06,4.6066e-06,3.9273e-06,2.0959e-06,3.2991e-06,5.577e-06,6.6235e-06,7.431e-06,5.5155e-06,3.70905e-06,1.0283e-06,1.8635e-06,2.21955e-06,1.9548e-06,4.75295e-06,2.3578e-06,1.61375e-06,7.437e-06,5.945e-06,1.1398e-05,1.53145e-05,1.6873e-05,1.80575e-05,9.326e-06,1.0336e-05,1.09385e-05,1.456e-05,1.76215e-05,1.84435e-05,1.48685e-05,1.37845e-05,1.33085e-05,4.6514e-06,1.12125e-06,4.4731e-06,8.1695e-06,3.65125e-06,5.4285e-06,3.6708e-06,4.2989e-06,4.8645e-06,4.2722e-06,6.984e-06,1.1437e-05,3.85415e-06,5.419e-06,6.425e-06,5.886e-06,3.807e-06,3.7315e-06,4.96405e-06,8.4255e-06,2.99915e-06,2.67545e-06,3.89425e-06,4.34265e-06,6.3525e-06,2.1757e-06,3.05485e-06,2.589e-06,3.2823e-06,3.9167e-06,3.95945e-06,4.48505e-06,3.1626e-06,3.55915e-06,4.2212e-06,4.8329e-06,5.391e-06,2.5317e-06,3.2723e-06,4.0021e-06,5.5235e-06,7.176e-06,4.7001e-06,4.4464e-06,4.4464e-06,3.428e-06,3.2097e-06,3.2097e-06,3.2097e-06,3.4281e-06,4.3981e-06,2.30565e-06,3.00295e-06,3.6755e-06,4.2657e-06,5.582e-06,4.19315e-06,4.74195e-06,5.2595e-06,5.2595e-06,5.2595e-06,3.63985e-06,4.1976e-06,4.71225e-06,4.63645e-06,4.63645e-06,3.81175e-06,3.4088e-06,5.226e-06,3.07445e-06,3.85795e-06,5.9045e-06,3.5416e-06,3.5051e-06,5.1055e-06,3.3616e-06,3.8804e-06,3.6714e-06,3.3002e-06,6.977e-06,1.24445e-05,2.51225e-06,2.6748e-06,3.8444e-06,4.33725e-06,2.299e-06,1.80925e-06,3.9056e-06,1.5415e-06,1.85045e-06,3.14065e-06,2.984e-06,4.35875e-06,4.9301e-06,3.38015e-06,2.0068e-06,2.1898e-06,5.1005e-06,5.4025e-06,2.42565e-06,1.96015e-06,2.71785e-06,7.1345e-06,1.63455e-06,1.2094e-06,4.61045e-06,4.99435e-06,1.03265e-05,4.75815e-06,6.29e-06,3.6293e-06,2.84595e-06,3.19965e-06,4.0066e-06,2.61255e-06,2.5461e-06,3.45145e-06,4.48075e-06,6.074e-06,1.84765e-06,2.69475e-06,3.1541e-06,3.79315e-06,4.17115e-06,3.13475e-06,6.025e-06,2.3043e-06,1.60515e-06,2.7673e-06,2.7673e-06,2.7673e-06,2.71005e-06,9.242e-06,1.2401e-05,4.4855e-06,9.014e-06,1.1496e-05,2.3321e-06,3.5394e-06,8.33e-06,2.57645e-06,2.98895e-06,4.21435e-06,5.4105e-06,7.9885e-06,3.0742e-06,4.7761e-06,1.04995e-05,1.04595e-05,1.0145e-05,4.3117e-06,4.87015e-06,4.2495e-06,2.24575e-06,2.8647e-06,5.1945e-06,4.6281e-06,1.2818e-05,3.8132e-06,2.3396e-05,1.46315e-05,1.3171e-05,5.4265e-06,4.1383e-05,1.267e-05,3.5171e-05,1.1402e-05,1.74605e-05,4.43955e-06,9.3255e-06,1.6686e-05,1.8233e-05,8.8805e-06,1.33215e-05,4.85245e-06,7.1575e-06,1.8433e-05,1.54145e-05,2.44115e-05,2.3614e-05,2.28775e-05,1.44405e-05,1.5571e-05,1.505e-05,1.856e-05,1.26155e-05,2.2545e-05,2.34035e-05,1.88545e-05,2.1195e-05,1.9703e-05,1.677e-05,1.60955e-05,1.72355e-05,1.92205e-05,2.62105e-05,1.8302e-05,1.6748e-05,3.7941e-05,2.3972e-05,3.7572e-06,4.19435e-06,4.6296e-06,4.45025e-06,3.8353e-06,4.811e-06,7.1685e-06,5.123e-06,4.43595e-06,5.541e-06,1.07735e-05,1.33655e-05,3.72335e-06,7.134e-06,3.58875e-06,4.8593e-06,9.2965e-06,8.806e-06,2.56805e-06,2.568e-06,2.9904e-06,4.0362e-06,5.85e-06,9.992e-06,5.5275e-06,9.228e-06,8.3585e-06,8.819e-06,8.784e-06,8.784e-06,2.9351e-06,5.14e-06,1.1959e-06,3.45645e-06,3.58775e-06,1.74695e-06,1.8815e-06,2.39185e-06,2.6213e-06,5.533e-06,1.1606e-05,6.0545e-06,5.3355e-06,3.3382e-05,1.04225e-05,1.74525e-06,3.9832e-06,3.7978e-06,6.279e-06,4.55e-06,5.651e-06,1.13075e-05,8.82e-06,1.904e-06,8.4145e-06,4.04235e-05,7.245e-06,1.4842e-05,7.429e-06,3.78735e-06,1.0672e-05,7.203e-06,6.0195e-06,5.3715e-06,4.598e-05,2.8104e-05,2.9944e-05,4.11895e-05,4.32975e-05,3.66355e-05,4.23265e-05,3.82685e-05,4.54455e-05,1.3326e-05,2.24325e-05,1.02945e-05,1.14925e-05,1.3952e-05,1.1416e-05,1.5652e-05,7.613e-06,1.74165e-05,1.2118e-05,2.03905e-05,5.023e-06,1.4507e-05,1.6017e-05,2.5277e-05,1.5273e-05
720.0,0.0,0.0,0.0,0.0,0.0,0.0,0.0,0.0,0.0,0.0,0.0,0.0,0.0,0.0,0.0,0.0,0.0,0.0,0.0,0.0,0.0,0.0,0.0,0.0,0.0,0.0,0.0,0.0,0.0,0.0,0.0,0.0,0.0,0.0,0.0,0.0,0.0,0.0,0.0,0.0,0.0,0.0,0.0,0.0,0.0,0.0,0.0,0.0,0.0,0.0,0.0,0.0,0.0,0.0,0.0,0.0,0.0,0.0,0.0,0.0,0.0,0.0,0.0,0.0,0.0,0.0,0.0,0.0,0.0,0.0,0.0,0.0,0.0,0.0,0.0,0.0,0.0,0.0,0.0,0.0,0.0,0.0,0.0,0.0,0.0,0.0,0.0,0.0,0.0,0.0,0.0,0.0,0.0,0.0,0.0,0.0,0.0,0.0,0.0,0.0,0.0,0.0,0.0,0.0,0.0,0.0,0.0,0.0,0.0,0.0,0.0,0.0,0.0,0.0,0.0,0.0,0.0,0.0,0.0,0.0,0.0,0.0,0.0,0.0,0.0,0.0,0.0,0.0,0.0,0.0,0.0,0.0,0.0,0.0,0.0,0.0,0.0,0.0,0.0,0.0,0.0,0.0,0.0,0.0,0.0,0.0,0.0,0.0,0.0,0.0,0.0,0.0,0.0,0.0,0.0,0.0,0.0,0.0,0.0,0.0,0.0,0.0,0.0,0.0,0.0,0.0,0.0,0.0,0.0,0.0,0.0,0.0,0.0,0.0,0.0,0.0,0.0,0.0,0.0,0.0,0.0,0.0,0.0,0.0,0.0,0.0,0.0,0.0,0.0,0.0,0.0,0.0,0.0,0.0,0.0,0.0,0.0,0.0,0.0,0.0,0.0,0.0,0.0,0.0,0.0,0.0,0.0,0.0,0.0,0.0,0.0,0.0,0.0,0.0,0.0,0.0,0.0,0.0,0.0,0.0,0.0,0.0,0.0,0.0,0.0,0.0,0.0,0.0,0.0,0.0,0.0,0.0,0.0,0.0,0.0,0.0,0.0,0.0,0.0,0.0,0.0,0.0,0.0,0.0,0.0,0.0,0.0,0.0,0.0,0.0,0.0,0.0,0.0,0.0,0.0,0.0,0.0,0.0,0.0,0.0,0.0,0.0,0.0,0.0,0.0,0.0,0.0,0.0,0.0,0.0,0.0,0.0,0.0,0.0,0.0,0.0,0.0,0.0,0.0,0.0,0.0,0.0,0.0,0.0,0.0,0.0,0.0,0.0,0.0,0.0,0.0,0.0,0.0,0.0,0.0,0.0,0.0,0.0,0.0,0.0,0.0,0.0,0.0,0.0,0.0,0.0,0.0,0.0,0.0,0.0,0.0,0.0,0.0,0.0,0.0,0.0,0.0,0.0,0.0,0.0,0.0,0.0,0.0,0.0,0.0,0.0,0.0,0.0,0.0,0.0,0.0,0.0,0.0,0.0,0.0,0.0,0.0,0.0,0.0,0.0,0.0,0.0,0.0,0.0,0.0,0.0,0.0,0.0,0.0,0.0,0.0,0.0,0.0,0.0,0.0
730.0,3.92325e-07,2.24165e-07,3.6517e-07,2.53285e-07,6.053e-07,4.3255e-07,3.24115e-07,3.00255e-07,8.6495e-07,1.5017e-07,1.16235e-06,2.5657e-07,2.09145e-07,2.78115e-07,2.0909e-07,1.4298e-06,6.239e-08,3.2432e-07,2.84515e-07,1.44665e-07,3.17995e-07,1.6832e-07,3.3264e-07,1.1822e-07,4.3392e-07,3.1964e-07,2.65545e-07,1.567e-07,1.93155e-07,2.5835e-07,2.20165e-07,2.3703e-07,1.79625e-07,3.1974e-07,2.8482e-07,3.3074e-07,2.8197e-07,1.5048e-07,2.36865e-07,4.00405e-07,4.7555e-07,5.335e-07,3.96e-07,2.663e-07,7.3825e-08,1.33795e-07,1.5936e-07,1.4035e-07,3.4125e-07,1.69285e-07,1.1586e-07,5.3395e-07,4.2685e-07,8.1835e-07,1.09955e-06,1.21145e-06,1.2965e-06,6.6955e-07,7.421e-07,7.8535e-07,1.04535e-06,1.26515e-06,1.3242e-06,1.0675e-06,9.897e-07,9.555e-07,3.33955e-07,8.0505e-08,3.21155e-07,5.8655e-07,2.62145e-07,3.89735e-07,2.6355e-07,3.0865e-07,3.49255e-07,3.0673e-07,5.014e-07,8.2115e-07,2.76715e-07,3.8906e-07,4.6129e-07,4.2261e-07,2.7333e-07,2.6791e-07,3.564e-07,6.0495e-07,2.1533e-07,1.9209e-07,2.79595e-07,3.1179e-07,4.561e-07,1.5621e-07,2.1933e-07,1.8588e-07,2.3566e-07,2.8121e-07,2.8428e-07,3.2201e-07,2.27065e-07,2.55535e-07,3.0307e-07,3.46985e-07,3.8707e-07,1.81765e-07,2.3494e-07,2.8734e-07,3.9656e-07,5.152e-07,3.37455e-07,3.1924e-07,3.1924e-07,2.4612e-07,2.30445e-07,2.30445e-07,2.30445e-07,2.46125e-07,3.1577e-07,1.6554e-07,2.156e-07,2.6389e-07,3.06265e-07,4.00785e-07,3.01055e-07,3.4046e-07,3.776e-07,3.776e-07,3.776e-07,2.6133e-07,3.01375e-07,3.38325e-07,3.3288e-07,3.3288e-07,2.73675e-07,2.44745e-07,3.75225e-07,2.2074e-07,2.7699e-07,4.2392e-07,2.54275e-07,2.51655e-07,3.6656e-07,2.4135e-07,2.786e-07,2.63595e-07,2.36945e-07,5.009e-07,8.935e-07,1.8037e-07,1.92045e-07,2.76015e-07,3.11405e-07,1.6506e-07,1.299e-07,2.8041e-07,1.10675e-07,1.32855e-07,2.2549e-07,2.1424e-07,3.12945e-07,3.53965e-07,2.42685e-07,1.4408e-07,1.57225e-07,3.66195e-07,3.87875e-07,1.74155e-07,1.40735e-07,1.95135e-07,5.1225e-07,1.17355e-07,8.683e-08,3.31015e-07,3.5858e-07,7.4145e-07,3.4162e-07,4.5161e-07,2.6057e-07,2.0433e-07,2.29725e-07,2.8766e-07,1.87575e-07,1.82805e-07,2.47805e-07,3.21705e-07,4.3609e-07,1.32655e-07,1.93475e-07,2.26455e-07,2.72335e-07,2.99475e-07,2.25065e-07,4.32575e-07,1.6544e-07,1.15245e-07,1.98685e-07,1.98685e-07,1.98685e-07,1.94575e-07,6.6355e-07,8.9035e-07,3.22045e-07,6.472e-07,8.254e-07,1.67435e-07,2.5412e-07,5.9805e-07,1.8498e-07,2.14595e-07,3.02575e-07,3.88445e-07,5.7355e-07,2.2072e-07,3.4291e-07,7.5385e-07,7.51e-07,7.284e-07,3.0957e-07,3.49665e-07,3.05105e-07,1.6124e-07,2.0568e-07,3.7295e-07,3.32285e-07,9.203e-07,2.73775e-07,1.67975e-06,1.0505e-06,9.4565e-07,3.896e-07,2.97115e-06,9.097e-07,2.5252e-06,8.1865e-07,1.25365e-06,3.1875e-07,6.6955e-07,1.198e-06,1.3091e-06,6.376e-07,9.5645e-07,3.4839e-07,5.139e-07,1.32345e-06,1.1067e-06,1.75265e-06,1.6954e-06,1.64255e-06,1.03675e-06,1.11795e-06,1.08055e-06,1.33255e-06,9.0575e-07,1.6187e-06,1.6803e-06,1.3537e-06,1.52175e-06,1.41465e-06,1.20405e-06,1.1556e-06,1.23745e-06,1.37995e-06,1.8818e-06,1.31405e-06,1.20245e-06,2.72405e-06,1.72115e-06,2.69755e-07,3.01145e-07,3.3239e-07,3.19515e-07,2.75365e-07,3.45415e-07,5.147e-07,3.67825e-07,3.1849e-07,3.97835e-07,7.735e-07,9.596e-07,2.67325e-07,5.122e-07,2.5766e-07,3.4888e-07,6.6745e-07,6.3225e-07,1.84375e-07,1.84375e-07,2.14705e-07,2.89785e-07,4.2e-07,7.174e-07,3.9686e-07,6.6255e-07,6.0015e-07,6.3315e-07,6.3065e-07,6.3065e-07,2.1073e-07,3.69035e-07,8.5865e-08,2.4816e-07,2.5759e-07,1.25425e-07,1.35085e-07,1.71725e-07,1.882e-07,3.97265e-07,8.3325e-07,4.3471e-07,3.8309e-07,2.3967e-06,7.483e-07,1.25305e-07,2.8598e-07,2.7267e-07,4.50815e-07,3.26675e-07,4.0573e-07,8.1185e-07,6.3325e-07,1.367e-07,6.0415e-07,2.9023e-06,5.2015e-07,1.0656e-06,5.334e-07,2.7192e-07,7.662e-07,5.1715e-07,4.32165e-07,3.85665e-07,3.3012e-06,2.0178e-06,2.1499e-06,2.9573e-06,3.1086e-06,2.63035e-06,3.0389e-06,2.7476e-06,3.26285e-06,9.5675e-07,1.6106e-06,7.391e-07,8.2515e-07,1.0017e-06,8.1965e-07,1.1238e-06,5.466e-07,1.25045e-06,8.7005e-07,1.46395e-06,3.60625e-07,1.04155e-06,1.14995e-06,1.81485e-06,1.09655e-06
